source_dataset,survey_year,respondent_id,age,age_band,female,race_ethnicity,education_level,census_region,household_size,household_income_2020_usd,income_is_banded,underserved_200fpl,underserved_method,pov_ratio,savings_behavior_index,financial_knowledge_score,credit_behavior_index,spending_behavior_index,net_worth_2020_usd,financial_assets_age20_2020_usd,debt_age20_2020_usd,asvab_math_verbal_pctile,asvab_math_knowledge,ap_econ_score,sample_type,weight
nlsy97_1997cohort,2001,32,20,18-24,1.0,4,2.0,1.0,3.0,429556.0,False,0.0,CV_HH_POV_RATIO<=200pct,17.2,100.0,,,,57263.0,877.0,0.0,39.95,0.901,,1,253941
nlsy97_1997cohort,2001,69,20,18-24,1.0,1,2.0,1.0,4.0,,False,,CV_HH_POV_RATIO<=200pct,,0.0,,,,375743.0,0.0,0.0,81.32,1.024,,1,100771
nlsy97_1997cohort,2004,87,20,18-24,0.0,2,2.0,1.0,1.0,0.0,False,1.0,CV_HH_POV_RATIO<=200pct,0.0,,,,,,10230.0,43842.0,75.58,0.395,,1,238852
nlsy97_1997cohort,2003,105,20,18-24,0.0,4,2.0,1.0,6.0,370733.0,False,0.0,CV_HH_POV_RATIO<=200pct,14.2,0.0,,,,,0.0,23382.0,74.88,,,1,267691
nlsy97_1997cohort,2004,108,20,18-24,0.0,4,2.0,1.0,5.0,592688.0,False,0.0,CV_HH_POV_RATIO<=200pct,26.27,0.0,,,,,21921.0,0.0,83.76,,,1,300806
nlsy97_1997cohort,2002,114,20,18-24,1.0,4,2.0,1.0,4.0,204594.0,False,0.0,CV_HH_POV_RATIO<=200pct,7.66,100.0,,,,353788.0,132.0,11691.0,65.34,0.502,,1,298098
nlsy97_1997cohort,2000,129,20,18-24,1.0,4,2.0,1.0,4.0,420285.0,False,0.0,CV_HH_POV_RATIO<=200pct,16.89,100.0,,,,11962.0,292.0,0.0,61.98,1.934,,1,324159
nlsy97_1997cohort,2004,138,20,18-24,0.0,4,2.0,1.0,1.0,592688.0,False,0.0,CV_HH_POV_RATIO<=200pct,26.27,0.0,,,,,0.0,0.0,60.42,,,1,297033
nlsy97_1997cohort,2000,200,20,18-24,0.0,4,2.0,1.0,2.0,420285.0,False,0.0,CV_HH_POV_RATIO<=200pct,16.89,100.0,,,,12327.0,636.0,0.0,,,,1,310954
nlsy97_1997cohort,2003,205,20,18-24,1.0,4,,1.0,3.0,,False,,CV_HH_POV_RATIO<=200pct,,100.0,,,,692704.0,438415.0,33612.0,33.51,,,1,287171
nlsy97_1997cohort,2000,216,20,18-24,1.0,2,1.0,1.0,3.0,69907.0,False,0.0,CV_HH_POV_RATIO<=200pct,3.36,100.0,,,,31070.0,731.0,40919.0,60.5,0.113,,1,108227
nlsy97_1997cohort,2004,221,20,18-24,1.0,4,2.0,1.0,4.0,592688.0,False,0.0,CV_HH_POV_RATIO<=200pct,26.27,100.0,,,,,5480.0,40919.0,82.21,0.154,,1,287584
nlsy97_1997cohort,2004,230,20,18-24,0.0,2,2.0,1.0,4.0,136790.0,False,0.0,CV_HH_POV_RATIO<=200pct,5.04,100.0,,,,,731.0,141754.0,62.12,,,1,107825
nlsy97_1997cohort,2004,236,20,18-24,1.0,2,2.0,1.0,3.0,592688.0,False,0.0,CV_HH_POV_RATIO<=200pct,26.27,100.0,,,,,7599.0,0.0,76.94,,,1,103608
nlsy97_1997cohort,2003,237,20,18-24,0.0,4,2.0,1.0,6.0,258955.0,False,0.0,CV_HH_POV_RATIO<=200pct,6.97,0.0,,,,327290.0,0.0,0.0,58.78,,,1,270454
nlsy97_1997cohort,2002,258,20,18-24,0.0,4,2.0,1.0,2.0,35073.0,False,0.0,CV_HH_POV_RATIO<=200pct,2.02,100.0,,,,215554.0,189980.0,0.0,42.37,0.565,,1,289450
nlsy97_1997cohort,2002,264,20,18-24,0.0,4,1.0,1.0,4.0,391563.0,False,0.0,CV_HH_POV_RATIO<=200pct,15.21,100.0,,,,4384.0,731.0,0.0,57.52,1.104,,1,280651
nlsy97_1997cohort,2001,279,20,18-24,0.0,4,2.0,1.0,4.0,429556.0,False,0.0,CV_HH_POV_RATIO<=200pct,17.2,100.0,,,,26303.0,1.0,0.0,,,,1,261824
nlsy97_1997cohort,2001,284,20,18-24,1.0,1,1.0,1.0,5.0,0.0,False,1.0,CV_HH_POV_RATIO<=200pct,0.0,0.0,,,,375856.0,0.0,0.0,9.8,,,1,226442
nlsy97_1997cohort,2000,287,20,18-24,0.0,4,2.0,1.0,5.0,178651.0,False,0.0,CV_HH_POV_RATIO<=200pct,5.64,100.0,,,,284288.0,4384.0,3653.0,18.21,0.04,,1,310710
nlsy97_1997cohort,2004,289,20,18-24,1.0,4,,,,,False,,CV_HH_POV_RATIO<=200pct,,,,,,,0.0,44572.0,52.2,,,1,299087
nlsy97_1997cohort,2003,293,20,18-24,1.0,2,2.0,1.0,5.0,,False,,CV_HH_POV_RATIO<=200pct,,100.0,,,,,29.0,44572.0,89.74,0.966,,1,89863
nlsy97_1997cohort,2001,296,20,18-24,1.0,2,2.0,1.0,4.0,,False,,CV_HH_POV_RATIO<=200pct,,0.0,,,,372287.0,0.0,17975.0,10.26,,,1,173110
nlsy97_1997cohort,2001,301,20,18-24,1.0,4,,,,,False,,CV_HH_POV_RATIO<=200pct,,,,,,,5115.0,58455.0,4.22,,,1,253941
nlsy97_1997cohort,2000,303,20,18-24,1.0,4,2.0,1.0,2.0,420285.0,False,0.0,CV_HH_POV_RATIO<=200pct,16.89,0.0,,,,66023.0,0.0,0.0,56.04,,,1,314483
nlsy97_1997cohort,2004,334,20,18-24,1.0,4,2.0,1.0,2.0,109713.0,False,0.0,CV_HH_POV_RATIO<=200pct,6.33,,,,,,2923.0,51148.0,67.24,,,1,292629
nlsy97_1997cohort,2002,336,20,18-24,0.0,1,2.0,1.0,4.0,391563.0,False,0.0,CV_HH_POV_RATIO<=200pct,15.21,100.0,,,,5904.0,58.0,0.0,48.42,0.746,,1,210695
nlsy97_1997cohort,2003,337,20,18-24,0.0,4,2.0,1.0,5.0,370733.0,False,0.0,CV_HH_POV_RATIO<=200pct,14.2,100.0,,,,41864.0,31566.0,0.0,73.24,1.035,,1,287717
nlsy97_1997cohort,2001,338,20,18-24,1.0,4,2.0,1.0,3.0,429556.0,False,0.0,CV_HH_POV_RATIO<=200pct,17.2,,,,,,2192.0,0.0,83.12,1.602,,1,291762
nlsy97_1997cohort,2001,352,20,18-24,1.0,2,2.0,4.0,7.0,80860.0,False,1.0,CV_HH_POV_RATIO<=200pct,1.96,100.0,,,,402797.0,731.0,3653.0,,,,1,77506
nlsy97_1997cohort,2002,353,20,18-24,1.0,2,1.0,4.0,4.0,55533.0,False,0.0,CV_HH_POV_RATIO<=200pct,2.12,0.0,,,,,0.0,58894.0,,,,1,85289
nlsy97_1997cohort,2000,355,20,18-24,1.0,2,2.0,4.0,3.0,85442.0,False,0.0,CV_HH_POV_RATIO<=200pct,4.1,100.0,,,,303862.0,6722.0,0.0,,,,1,104662
nlsy97_1997cohort,2001,376,20,18-24,0.0,1,2.0,4.0,3.0,120538.0,False,0.0,CV_HH_POV_RATIO<=200pct,5.95,100.0,,,,416623.0,16075.0,438.0,,,,1,115268
nlsy97_1997cohort,2000,386,20,18-24,0.0,2,2.0,4.0,5.0,69907.0,False,0.0,CV_HH_POV_RATIO<=200pct,2.14,0.0,,,,393034.0,0.0,0.0,36.96,1.103,,1,151681
nlsy97_1997cohort,2003,417,20,18-24,1.0,4,2.0,4.0,2.0,44598.0,False,0.0,CV_HH_POV_RATIO<=200pct,2.57,100.0,,,,48914.0,65032.0,51148.0,28.49,,,1,301811
nlsy97_1997cohort,2000,426,20,18-24,1.0,2,2.0,4.0,5.0,27186.0,False,1.0,CV_HH_POV_RATIO<=200pct,0.86,0.0,,,,270959.0,0.0,848.0,2.42,,,1,111053
nlsy97_1997cohort,2004,433,20,18-24,1.0,2,,,,,False,,CV_HH_POV_RATIO<=200pct,,,,,,,877.0,39457.0,,,,1,88683
nlsy97_1997cohort,2000,480,20,18-24,1.0,2,2.0,4.0,6.0,54372.0,False,1.0,CV_HH_POV_RATIO<=200pct,1.49,100.0,,,,389616.0,1169.0,0.0,,,,1,104436
nlsy97_1997cohort,2002,485,20,18-24,0.0,4,2.0,4.0,5.0,391563.0,False,0.0,CV_HH_POV_RATIO<=200pct,15.21,100.0,,,,4077.0,424.0,0.0,,,,1,455110
nlsy97_1997cohort,2004,487,20,18-24,0.0,4,2.0,4.0,4.0,592688.0,False,0.0,CV_HH_POV_RATIO<=200pct,26.27,0.0,,,,,0.0,0.0,6.54,,,1,311986
nlsy97_1997cohort,2002,513,20,18-24,0.0,2,1.0,3.0,5.0,49687.0,False,1.0,CV_HH_POV_RATIO<=200pct,1.52,0.0,,,,,0.0,292277.0,,,,1,97975
nlsy97_1997cohort,2001,534,20,18-24,1.0,2,2.0,4.0,3.0,87172.0,False,0.0,CV_HH_POV_RATIO<=200pct,4.31,100.0,,,,,15.0,54071.0,24.44,,,1,187842
nlsy97_1997cohort,2003,562,20,18-24,1.0,2,2.0,4.0,4.0,76248.0,False,0.0,CV_HH_POV_RATIO<=200pct,2.86,0.0,,,,251762.0,0.0,0.0,19.3,,,1,88245
nlsy97_1997cohort,2004,603,20,18-24,0.0,2,1.0,4.0,7.0,592688.0,False,0.0,CV_HH_POV_RATIO<=200pct,26.27,100.0,,,,,21921.0,80376.0,5.82,,,1,88247
nlsy97_1997cohort,2004,629,20,18-24,1.0,4,2.0,4.0,4.0,592688.0,False,0.0,CV_HH_POV_RATIO<=200pct,26.27,0.0,,,,,0.0,29228.0,23.77,,,1,314336
nlsy97_1997cohort,2003,633,20,18-24,1.0,4,2.0,4.0,4.0,230470.0,False,0.0,CV_HH_POV_RATIO<=200pct,8.63,0.0,,,,,0.0,41649.0,92.19,0.671,,1,295420
nlsy97_1997cohort,2002,636,20,18-24,0.0,4,2.0,2.0,3.0,391563.0,False,0.0,CV_HH_POV_RATIO<=200pct,15.21,100.0,,,,72338.0,24551.0,12860.0,,,,1,278527
nlsy97_1997cohort,2002,651,20,18-24,1.0,4,2.0,2.0,3.0,80376.0,False,0.0,CV_HH_POV_RATIO<=200pct,3.86,0.0,,,,288623.0,25574.0,3653.0,,,,1,297999
nlsy97_1997cohort,2000,725,20,18-24,1.0,1,2.0,2.0,5.0,420285.0,False,0.0,CV_HH_POV_RATIO<=200pct,16.89,100.0,,,,272715.0,1169.0,365.0,91.39,1.466,,1,194425
nlsy97_1997cohort,2001,731,20,18-24,0.0,4,2.0,2.0,6.0,429556.0,False,0.0,CV_HH_POV_RATIO<=200pct,17.2,100.0,,,,12775.0,2923.0,0.0,96.02,1.989,,1,273592
nlsy97_1997cohort,2002,737,20,18-24,0.0,4,2.0,2.0,5.0,391563.0,False,0.0,CV_HH_POV_RATIO<=200pct,15.21,100.0,,,,13152.0,13883.0,37265.0,74.67,0.739,,1,285339
nlsy97_1997cohort,2001,747,20,18-24,0.0,4,2.0,2.0,4.0,429556.0,False,0.0,CV_HH_POV_RATIO<=200pct,17.2,100.0,,,,14428.0,146.0,0.0,,,,1,273592
nlsy97_1997cohort,2000,762,20,18-24,1.0,2,2.0,2.0,5.0,420285.0,False,0.0,CV_HH_POV_RATIO<=200pct,16.89,100.0,,,,12117.0,438.0,0.0,,,,1,258113
nlsy97_1997cohort,2000,769,20,18-24,1.0,4,,2.0,4.0,,False,,CV_HH_POV_RATIO<=200pct,,100.0,,,,5748.0,292.0,55533.0,62.92,,,1,314483
nlsy97_1997cohort,2001,774,20,18-24,1.0,2,2.0,2.0,4.0,82663.0,False,0.0,CV_HH_POV_RATIO<=200pct,3.05,100.0,,,,375894.0,146.0,0.0,53.58,1.196,,1,175925
nlsy97_1997cohort,2001,884,20,18-24,0.0,4,1.0,4.0,7.0,429556.0,False,0.0,CV_HH_POV_RATIO<=200pct,17.2,0.0,,,,48095.0,0.0,731.0,50.89,0.586,,1,293243
nlsy97_1997cohort,2002,894,20,18-24,0.0,2,,,,,False,,CV_HH_POV_RATIO<=200pct,,,,,,,2630.0,86222.0,35.08,0.427,,1,130034
nlsy97_1997cohort,2004,895,20,18-24,0.0,2,,,,,False,,CV_HH_POV_RATIO<=200pct,,,,,,,75992.0,0.0,24.1,,,1,119846
nlsy97_1997cohort,2001,918,20,18-24,0.0,4,2.0,4.0,4.0,429556.0,False,0.0,CV_HH_POV_RATIO<=200pct,17.2,100.0,,,,157812.0,116911.0,0.0,89.5,2.12,,1,276645
nlsy97_1997cohort,2003,921,20,18-24,0.0,2,2.0,4.0,5.0,253200.0,False,0.0,CV_HH_POV_RATIO<=200pct,8.0,100.0,,,,57258.0,3361.0,49687.0,,,,1,210598
nlsy97_1997cohort,2002,924,20,18-24,1.0,1,2.0,2.0,3.0,391563.0,False,0.0,CV_HH_POV_RATIO<=200pct,15.21,100.0,,,,5115.0,1461.0,0.0,51.7,0.989,,1,243060
nlsy97_1997cohort,2001,927,20,18-24,0.0,2,2.0,4.0,7.0,429556.0,False,0.0,CV_HH_POV_RATIO<=200pct,17.2,100.0,,,,3908.0,146.0,0.0,,,,1,239624
nlsy97_1997cohort,2004,934,20,18-24,1.0,4,2.0,4.0,1.0,592688.0,False,0.0,CV_HH_POV_RATIO<=200pct,26.27,0.0,,,,,0.0,0.0,93.02,0.358,,1,300857
nlsy97_1997cohort,2001,951,20,18-24,1.0,4,2.0,4.0,4.0,429556.0,False,0.0,CV_HH_POV_RATIO<=200pct,17.2,100.0,,,,,,0.0,66.58,0.521,,1,253941
nlsy97_1997cohort,2004,953,20,18-24,0.0,4,2.0,4.0,3.0,592688.0,False,0.0,CV_HH_POV_RATIO<=200pct,26.27,100.0,,,,,731.0,0.0,53.44,,,1,281400
nlsy97_1997cohort,2004,961,20,18-24,1.0,4,2.0,4.0,2.0,592688.0,False,0.0,CV_HH_POV_RATIO<=200pct,26.27,100.0,,,,,,0.0,65.86,,,1,292910
nlsy97_1997cohort,2002,967,20,18-24,1.0,3,2.0,4.0,4.0,391563.0,False,0.0,CV_HH_POV_RATIO<=200pct,15.21,100.0,,,,8038.0,4384.0,0.0,92.55,1.671,,1,295893
nlsy97_1997cohort,2003,971,20,18-24,1.0,4,2.0,4.0,4.0,370733.0,False,0.0,CV_HH_POV_RATIO<=200pct,14.2,100.0,,,,14674.0,3946.0,0.0,57.78,,,1,285871
nlsy97_1997cohort,2002,974,20,18-24,0.0,4,2.0,4.0,3.0,391563.0,False,0.0,CV_HH_POV_RATIO<=200pct,15.21,100.0,,,,38142.0,32297.0,0.0,99.15,1.534,,1,289784
nlsy97_1997cohort,2002,979,20,18-24,1.0,4,2.0,4.0,4.0,391563.0,False,0.0,CV_HH_POV_RATIO<=200pct,15.21,100.0,,,,21190.0,17537.0,0.0,98.76,2.507,,1,296882
nlsy97_1997cohort,2002,980,20,18-24,0.0,4,2.0,4.0,4.0,391563.0,False,0.0,CV_HH_POV_RATIO<=200pct,15.21,100.0,,,,20313.0,16660.0,0.0,85.08,1.097,,1,289784
nlsy97_1997cohort,2000,1008,20,18-24,1.0,4,2.0,4.0,5.0,18047.0,False,1.0,CV_HH_POV_RATIO<=200pct,0.56,100.0,,,,386821.0,1.0,1461.0,34.58,,,1,340690
nlsy97_1997cohort,2001,1020,20,18-24,0.0,4,2.0,4.0,3.0,429556.0,False,0.0,CV_HH_POV_RATIO<=200pct,17.2,,,,,,15052.0,7307.0,14.47,,,1,272966
nlsy97_1997cohort,2004,1059,20,18-24,0.0,1,2.0,1.0,4.0,,False,,CV_HH_POV_RATIO<=200pct,,0.0,,,,,0.0,44864.0,,,,1,111783
nlsy97_1997cohort,2001,1070,20,18-24,1.0,1,2.0,3.0,4.0,6057.0,False,1.0,CV_HH_POV_RATIO<=200pct,0.22,100.0,,,,,731.0,42819.0,48.02,0.207,,1,311614
nlsy97_1997cohort,2003,1081,20,18-24,0.0,4,2.0,3.0,4.0,370733.0,False,0.0,CV_HH_POV_RATIO<=200pct,14.2,100.0,,,,,1096.0,14614.0,95.24,0.812,,1,259871
nlsy97_1997cohort,2000,1083,20,18-24,1.0,4,2.0,3.0,4.0,420285.0,False,0.0,CV_HH_POV_RATIO<=200pct,16.89,100.0,,,,396141.0,7307.0,0.0,75.92,1.205,,1,326350
nlsy97_1997cohort,2000,1085,20,18-24,0.0,4,2.0,1.0,5.0,136319.0,False,0.0,CV_HH_POV_RATIO<=200pct,4.17,100.0,,,,272407.0,731.0,801.0,23.52,0.094,,1,298759
nlsy97_1997cohort,2002,1093,20,18-24,0.0,2,2.0,1.0,4.0,143216.0,False,0.0,CV_HH_POV_RATIO<=200pct,5.28,100.0,,,,382006.0,371191.0,146.0,27.65,,,1,98674
nlsy97_1997cohort,2003,1131,20,18-24,0.0,4,2.0,1.0,3.0,,False,,CV_HH_POV_RATIO<=200pct,,100.0,,,,,91.0,58455.0,24.54,,,1,254893
nlsy97_1997cohort,2004,1135,20,18-24,0.0,4,2.0,1.0,5.0,592688.0,False,0.0,CV_HH_POV_RATIO<=200pct,26.27,100.0,,,,,,0.0,80.56,0.017,,1,286425
nlsy97_1997cohort,2004,1151,20,18-24,1.0,4,2.0,1.0,6.0,592688.0,False,0.0,CV_HH_POV_RATIO<=200pct,26.27,0.0,,,,,0.0,0.0,63.07,,,1,292813
nlsy97_1997cohort,2003,1154,20,18-24,1.0,4,2.0,1.0,6.0,370733.0,False,0.0,CV_HH_POV_RATIO<=200pct,14.2,100.0,,,,3453.0,731.0,877.0,61.18,0.098,,1,275192
nlsy97_1997cohort,2004,1156,20,18-24,1.0,4,,,,,False,,CV_HH_POV_RATIO<=200pct,,,,,,,1461.0,54802.0,20.37,,,1,320264
nlsy97_1997cohort,2004,1171,20,18-24,0.0,4,2.0,1.0,2.0,,False,,CV_HH_POV_RATIO<=200pct,,100.0,,,,,4384.0,105220.0,83.91,0.38,,1,304849
nlsy97_1997cohort,2003,1185,20,18-24,0.0,2,2.0,2.0,1.0,17264.0,False,1.0,CV_HH_POV_RATIO<=200pct,1.28,100.0,,,,147460.0,146138.0,0.0,92.17,0.425,,1,206479
nlsy97_1997cohort,2004,1230,20,18-24,0.0,4,2.0,2.0,3.0,592688.0,False,0.0,CV_HH_POV_RATIO<=200pct,26.27,0.0,,,,,0.0,0.0,82.55,,,1,293999
nlsy97_1997cohort,2003,1232,20,18-24,0.0,4,2.0,2.0,3.0,370733.0,False,0.0,CV_HH_POV_RATIO<=200pct,14.2,100.0,,,,,,0.0,39.2,,,1,261634
nlsy97_1997cohort,2003,1233,20,18-24,0.0,4,2.0,2.0,3.0,370733.0,False,0.0,CV_HH_POV_RATIO<=200pct,14.2,100.0,,,,35966.0,731.0,0.0,86.22,0.111,,1,261634
nlsy97_1997cohort,2003,1234,20,18-24,0.0,4,2.0,2.0,4.0,370733.0,False,0.0,CV_HH_POV_RATIO<=200pct,14.2,0.0,,,,3597.0,0.0,0.0,93.48,0.507,,1,261634
nlsy97_1997cohort,2003,1238,20,18-24,1.0,4,2.0,4.0,6.0,370733.0,False,0.0,CV_HH_POV_RATIO<=200pct,14.2,0.0,,,,19422.0,0.0,0.0,,,,1,282380
nlsy97_1997cohort,2001,1249,20,18-24,1.0,4,2.0,2.0,4.0,149545.0,False,0.0,CV_HH_POV_RATIO<=200pct,5.6,,,,,,2338.0,54802.0,37.43,0.551,,1,253941
nlsy97_1997cohort,2001,1267,20,18-24,0.0,4,2.0,2.0,4.0,188622.0,False,0.0,CV_HH_POV_RATIO<=200pct,6.95,100.0,,,,321710.0,57067.0,0.0,98.14,1.671,,1,261824
nlsy97_1997cohort,2000,1276,20,18-24,1.0,4,2.0,2.0,4.0,209721.0,False,0.0,CV_HH_POV_RATIO<=200pct,7.86,100.0,,,,459057.0,11691.0,40188.0,26.85,0.389,,1,340155
nlsy97_1997cohort,2003,1283,20,18-24,0.0,4,2.0,2.0,3.0,370733.0,False,0.0,CV_HH_POV_RATIO<=200pct,14.2,100.0,,,,68335.0,26305.0,26305.0,84.85,0.071,,1,324409
nlsy97_1997cohort,2001,1285,20,18-24,1.0,4,2.0,2.0,2.0,44939.0,False,0.0,CV_HH_POV_RATIO<=200pct,2.59,100.0,,,,901780.0,328081.0,1169.0,,,,1,253941
nlsy97_1997cohort,2002,1292,20,18-24,1.0,4,2.0,2.0,3.0,391563.0,False,0.0,CV_HH_POV_RATIO<=200pct,15.21,100.0,,,,3778.0,124.0,0.0,32.74,,,1,310162
nlsy97_1997cohort,2000,1295,20,18-24,1.0,4,2.0,2.0,3.0,420285.0,False,0.0,CV_HH_POV_RATIO<=200pct,16.89,,,,,,65762.0,0.0,78.65,1.619,,1,354291
nlsy97_1997cohort,2004,1303,20,18-24,1.0,4,,,,,False,,CV_HH_POV_RATIO<=200pct,,,,,,,656.0,51148.0,83.28,0.051,,1,323987
nlsy97_1997cohort,2000,1304,20,18-24,0.0,4,2.0,2.0,4.0,146808.0,False,0.0,CV_HH_POV_RATIO<=200pct,5.5,100.0,,,,395052.0,8768.0,23674.0,85.91,1.316,,1,336577
nlsy97_1997cohort,2001,1306,20,18-24,1.0,4,2.0,2.0,3.0,185616.0,False,0.0,CV_HH_POV_RATIO<=200pct,8.91,100.0,,,,901780.0,438415.0,731.0,75.07,1.254,,1,286085
nlsy97_1997cohort,2000,1312,20,18-24,1.0,4,2.0,2.0,5.0,151558.0,False,0.0,CV_HH_POV_RATIO<=200pct,4.71,100.0,,,,398471.0,9499.0,0.0,17.24,,,1,327319
nlsy97_1997cohort,2003,1313,20,18-24,1.0,4,2.0,2.0,5.0,370733.0,False,0.0,CV_HH_POV_RATIO<=200pct,14.2,100.0,,,,22299.0,14614.0,17537.0,85.18,0.561,,1,281310
nlsy97_1997cohort,2003,1331,20,18-24,1.0,4,2.0,2.0,5.0,370733.0,False,0.0,CV_HH_POV_RATIO<=200pct,14.2,100.0,,,,,46399.0,58455.0,78.97,1.072,,1,275378
nlsy97_1997cohort,2000,1335,20,18-24,0.0,4,2.0,3.0,5.0,420285.0,False,0.0,CV_HH_POV_RATIO<=200pct,16.89,100.0,,,,,731.0,,88.8,1.494,,1,304396
nlsy97_1997cohort,2001,1339,20,18-24,0.0,4,2.0,3.0,4.0,127752.0,False,0.0,CV_HH_POV_RATIO<=200pct,4.71,100.0,,,,901780.0,438415.0,0.0,48.06,0.313,,1,266764
nlsy97_1997cohort,2003,1344,20,18-24,1.0,4,2.0,3.0,4.0,370733.0,False,0.0,CV_HH_POV_RATIO<=200pct,14.2,100.0,,,,6114.0,731.0,5480.0,41.1,0.016,,1,287716
nlsy97_1997cohort,2000,1410,20,18-24,1.0,4,2.0,3.0,6.0,420285.0,False,0.0,CV_HH_POV_RATIO<=200pct,16.89,100.0,,,,17399.0,3215.0,23382.0,65.41,1.799,,1,318515
nlsy97_1997cohort,2000,1411,20,18-24,1.0,4,2.0,3.0,5.0,174767.0,False,0.0,CV_HH_POV_RATIO<=200pct,5.35,0.0,,,,271860.0,0.0,0.0,75.34,1.541,,1,318515
nlsy97_1997cohort,2002,1414,20,18-24,1.0,4,2.0,1.0,3.0,391563.0,False,0.0,CV_HH_POV_RATIO<=200pct,15.21,0.0,,,,25574.0,0.0,0.0,,,,1,286577
nlsy97_1997cohort,2001,1429,20,18-24,1.0,4,2.0,3.0,4.0,229954.0,False,0.0,CV_HH_POV_RATIO<=200pct,8.61,100.0,,,,375894.0,146.0,0.0,56.25,1.175,,1,264824
nlsy97_1997cohort,2002,1430,20,18-24,1.0,4,2.0,3.0,4.0,391563.0,False,0.0,CV_HH_POV_RATIO<=200pct,15.21,100.0,,,,7307.0,3653.0,0.0,65.84,1.137,,1,291743
nlsy97_1997cohort,2000,1434,20,18-24,0.0,4,1.0,3.0,3.0,26588.0,False,1.0,CV_HH_POV_RATIO<=200pct,1.31,100.0,,,,90879.0,73069.0,0.0,,,,1,311563
nlsy97_1997cohort,2002,1435,20,18-24,0.0,4,2.0,3.0,3.0,105950.0,False,0.0,CV_HH_POV_RATIO<=200pct,5.09,0.0,,,,499062.0,438415.0,13152.0,31.24,,,1,284769
nlsy97_1997cohort,2003,1439,20,18-24,0.0,4,1.0,3.0,4.0,370733.0,False,0.0,CV_HH_POV_RATIO<=200pct,14.2,100.0,,,,16832.0,292.0,2923.0,8.99,,,1,261153
nlsy97_1997cohort,2000,1449,20,18-24,0.0,4,2.0,3.0,3.0,420285.0,False,0.0,CV_HH_POV_RATIO<=200pct,16.89,0.0,,,,36507.0,0.0,0.0,41.12,0.823,,1,310033
nlsy97_1997cohort,2001,1450,20,18-24,1.0,4,2.0,1.0,3.0,429556.0,False,0.0,CV_HH_POV_RATIO<=200pct,17.2,100.0,,,,,,0.0,100.0,2.181,,1,263523
nlsy97_1997cohort,2001,1454,20,18-24,1.0,4,2.0,3.0,4.0,429556.0,False,0.0,CV_HH_POV_RATIO<=200pct,17.2,100.0,,,,28556.0,24113.0,0.0,98.51,1.713,,1,268591
nlsy97_1997cohort,2003,1455,20,18-24,0.0,4,2.0,3.0,3.0,370733.0,False,0.0,CV_HH_POV_RATIO<=200pct,14.2,100.0,,,,15106.0,11691.0,0.0,96.27,0.655,,1,264868
nlsy97_1997cohort,2004,1464,20,18-24,1.0,4,2.0,3.0,3.0,220833.0,False,0.0,CV_HH_POV_RATIO<=200pct,10.91,100.0,,,,,585.0,43842.0,53.5,0.272,,1,304176
nlsy97_1997cohort,2002,1492,20,18-24,1.0,4,2.0,3.0,3.0,391563.0,False,0.0,CV_HH_POV_RATIO<=200pct,15.21,100.0,,,,4823.0,1900.0,731.0,84.04,0.599,,1,287982
nlsy97_1997cohort,2001,1496,20,18-24,1.0,4,2.0,3.0,6.0,429556.0,False,0.0,CV_HH_POV_RATIO<=200pct,17.2,0.0,,,,3757.0,0.0,0.0,96.59,1.285,,1,261410
nlsy97_1997cohort,2002,1497,20,18-24,1.0,4,2.0,3.0,3.0,391563.0,False,0.0,CV_HH_POV_RATIO<=200pct,15.21,100.0,,,,47933.0,44280.0,0.0,86.56,1.958,,1,287982
nlsy97_1997cohort,2004,1498,20,18-24,1.0,4,2.0,3.0,3.0,592688.0,False,0.0,CV_HH_POV_RATIO<=200pct,26.27,100.0,,,,,5846.0,877.0,54.62,0.727,,1,296042
nlsy97_1997cohort,2003,1517,20,18-24,1.0,2,2.0,3.0,2.0,10186.0,False,1.0,CV_HH_POV_RATIO<=200pct,0.59,100.0,,,,,1461.0,89144.0,34.32,,,1,209398
nlsy97_1997cohort,2003,1531,20,18-24,1.0,4,2.0,3.0,3.0,370733.0,False,0.0,CV_HH_POV_RATIO<=200pct,14.2,0.0,,,,3597.0,0.0,0.0,71.03,1.052,,1,282849
nlsy97_1997cohort,2004,1544,20,18-24,1.0,4,2.0,3.0,3.0,9497.0,False,1.0,CV_HH_POV_RATIO<=200pct,0.47,0.0,,,,,0.0,43842.0,87.53,0.286,,1,304839
nlsy97_1997cohort,2000,1551,20,18-24,1.0,4,2.0,3.0,2.0,,False,,CV_HH_POV_RATIO<=200pct,,100.0,,,,125211.0,110334.0,7891.0,53.89,0.919,,1,333352
nlsy97_1997cohort,2000,1576,20,18-24,1.0,4,1.0,3.0,4.0,125056.0,False,0.0,CV_HH_POV_RATIO<=200pct,4.61,100.0,,,,385655.0,1827.0,4384.0,,,,1,333352
nlsy97_1997cohort,2000,1604,20,18-24,1.0,4,2.0,1.0,6.0,0.0,False,1.0,CV_HH_POV_RATIO<=200pct,0.0,0.0,,,,791541.0,0.0,0.0,,,,1,338921
nlsy97_1997cohort,2000,1608,20,18-24,1.0,4,2.0,1.0,2.0,420285.0,False,0.0,CV_HH_POV_RATIO<=200pct,16.89,0.0,,,,,0.0,0.0,,,,1,321630
nlsy97_1997cohort,2000,1614,20,18-24,1.0,4,2.0,1.0,5.0,420285.0,False,0.0,CV_HH_POV_RATIO<=200pct,16.89,100.0,,,,8544.0,4384.0,0.0,,,,1,379548
nlsy97_1997cohort,2004,1624,20,18-24,1.0,4,2.0,1.0,4.0,592688.0,False,0.0,CV_HH_POV_RATIO<=200pct,26.27,100.0,,,,,2923.0,0.0,87.78,,,1,298436
nlsy97_1997cohort,2001,1636,20,18-24,0.0,4,2.0,1.0,3.0,429556.0,False,0.0,CV_HH_POV_RATIO<=200pct,17.2,100.0,,,,26903.0,585.0,29228.0,,,,1,280780
nlsy97_1997cohort,2003,1641,20,18-24,1.0,4,1.0,1.0,5.0,370733.0,False,0.0,CV_HH_POV_RATIO<=200pct,14.2,100.0,,,,32945.0,585.0,21921.0,11.49,,,1,289846
nlsy97_1997cohort,2000,1661,20,18-24,0.0,2,2.0,3.0,3.0,420285.0,False,0.0,CV_HH_POV_RATIO<=200pct,16.89,100.0,,,,4583.0,658.0,0.0,,,,1,328635
nlsy97_1997cohort,2000,1670,20,18-24,1.0,4,2.0,4.0,10.0,420285.0,False,0.0,CV_HH_POV_RATIO<=200pct,16.89,100.0,,,,3994.0,104.0,0.0,83.2,0.526,,1,367886
nlsy97_1997cohort,2002,1671,20,18-24,1.0,4,2.0,4.0,7.0,391563.0,False,0.0,CV_HH_POV_RATIO<=200pct,15.21,100.0,,,,3690.0,146.0,110.0,69.31,1.318,,1,327259
nlsy97_1997cohort,2001,1684,20,18-24,1.0,2,2.0,3.0,3.0,,False,,CV_HH_POV_RATIO<=200pct,,0.0,,,,,,39457.0,,,,1,236688
nlsy97_1997cohort,2004,1693,20,18-24,0.0,4,2.0,3.0,3.0,592688.0,False,0.0,CV_HH_POV_RATIO<=200pct,26.27,100.0,,,,,,0.0,57.32,,,1,294387
nlsy97_1997cohort,2004,1697,20,18-24,1.0,4,,,,,False,,CV_HH_POV_RATIO<=200pct,,,,,,,,51148.0,75.99,0.527,,1,300857
nlsy97_1997cohort,2002,1700,20,18-24,0.0,4,2.0,3.0,5.0,391563.0,False,0.0,CV_HH_POV_RATIO<=200pct,15.21,100.0,,,,16221.0,12568.0,0.0,12.62,,,1,285669
nlsy97_1997cohort,2001,1730,20,18-24,1.0,4,2.0,3.0,5.0,150297.0,False,0.0,CV_HH_POV_RATIO<=200pct,4.67,100.0,,,,263470.0,1169.0,731.0,,,,1,299287
nlsy97_1997cohort,2001,1758,20,18-24,0.0,4,2.0,1.0,4.0,429556.0,False,0.0,CV_HH_POV_RATIO<=200pct,17.2,100.0,,,,901780.0,438415.0,0.0,46.17,,,1,267643
nlsy97_1997cohort,2000,1776,20,18-24,1.0,4,2.0,2.0,2.0,420285.0,False,0.0,CV_HH_POV_RATIO<=200pct,16.89,0.0,,,,61145.0,0.0,205.0,77.83,0.825,,1,343602
nlsy97_1997cohort,2003,1817,20,18-24,0.0,4,2.0,2.0,2.0,9354.0,False,1.0,CV_HH_POV_RATIO<=200pct,0.54,100.0,,,,,9499.0,73069.0,67.05,0.261,,1,272009
nlsy97_1997cohort,2002,1851,20,18-24,0.0,1,2.0,3.0,5.0,102297.0,False,0.0,CV_HH_POV_RATIO<=200pct,3.13,100.0,,,,76724.0,73071.0,27766.0,22.17,,,1,104837
nlsy97_1997cohort,2004,1857,20,18-24,0.0,4,2.0,2.0,3.0,592688.0,False,0.0,CV_HH_POV_RATIO<=200pct,26.27,100.0,,,,,20459.0,0.0,89.86,0.599,,1,309539
nlsy97_1997cohort,2001,1864,20,18-24,1.0,4,2.0,2.0,6.0,94687.0,False,0.0,CV_HH_POV_RATIO<=200pct,2.55,100.0,,,,376495.0,731.0,0.0,72.83,0.85,,1,279335
nlsy97_1997cohort,2004,1868,20,18-24,0.0,3,2.0,2.0,4.0,,False,,CV_HH_POV_RATIO<=200pct,,100.0,,,,,237.0,41649.0,4.56,,,1,318919
nlsy97_1997cohort,2002,1880,20,18-24,1.0,4,2.0,2.0,3.0,,False,,CV_HH_POV_RATIO<=200pct,,100.0,,,,283918.0,24902.0,380.0,72.2,1.172,,1,279754
nlsy97_1997cohort,2000,1884,20,18-24,1.0,4,2.0,2.0,5.0,,False,,CV_HH_POV_RATIO<=200pct,,100.0,,,,139037.0,119833.0,0.0,,,,1,329224
nlsy97_1997cohort,2004,1886,20,18-24,0.0,4,2.0,2.0,6.0,156131.0,False,0.0,CV_HH_POV_RATIO<=200pct,4.38,100.0,,,,,71608.0,14614.0,47.73,,,1,294590
nlsy97_1997cohort,2002,1918,20,18-24,0.0,4,2.0,4.0,6.0,391563.0,False,0.0,CV_HH_POV_RATIO<=200pct,15.21,100.0,,,,13152.0,9499.0,0.0,89.64,1.466,,1,306600
nlsy97_1997cohort,2003,1968,20,18-24,0.0,2,2.0,4.0,3.0,370733.0,False,0.0,CV_HH_POV_RATIO<=200pct,14.2,0.0,,,,15106.0,0.0,0.0,19.74,,,1,226723
nlsy97_1997cohort,2000,1995,20,18-24,1.0,4,2.0,4.0,4.0,420285.0,False,0.0,CV_HH_POV_RATIO<=200pct,16.89,100.0,,,,11030.0,585.0,1169.0,43.29,,,1,340155
nlsy97_1997cohort,2002,1996,20,18-24,0.0,4,2.0,4.0,3.0,7307.0,False,1.0,CV_HH_POV_RATIO<=200pct,0.36,100.0,,,,149792.0,73069.0,0.0,87.22,0.449,,1,295357
nlsy97_1997cohort,2000,2044,20,18-24,1.0,4,1.0,3.0,2.0,11651.0,False,1.0,CV_HH_POV_RATIO<=200pct,0.67,100.0,,,,22603.0,10303.0,43842.0,,,,1,338218
nlsy97_1997cohort,2001,2066,20,18-24,1.0,4,2.0,3.0,4.0,429556.0,False,0.0,CV_HH_POV_RATIO<=200pct,17.2,100.0,,,,6087.0,2265.0,0.0,79.09,1.684,,1,321658
nlsy97_1997cohort,2002,2092,20,18-24,0.0,4,2.0,1.0,7.0,128236.0,False,0.0,CV_HH_POV_RATIO<=200pct,3.1,,,,,,438.0,51148.0,85.82,1.552,,1,295821
nlsy97_1997cohort,2003,2096,20,18-24,0.0,4,2.0,1.0,2.0,114372.0,False,0.0,CV_HH_POV_RATIO<=200pct,6.6,,,,,,438415.0,0.0,85.53,0.502,,1,277061
nlsy97_1997cohort,2004,2109,20,18-24,1.0,4,2.0,1.0,1.0,11253.0,False,1.0,CV_HH_POV_RATIO<=200pct,0.84,100.0,,,,,1169.0,59917.0,,,,1,301279
nlsy97_1997cohort,2003,2113,20,18-24,0.0,4,2.0,1.0,3.0,111494.0,False,0.0,CV_HH_POV_RATIO<=200pct,5.51,100.0,,,,,4384.0,43842.0,85.18,0.212,,1,262346
nlsy97_1997cohort,2002,2126,20,18-24,1.0,4,1.0,4.0,2.0,,False,,CV_HH_POV_RATIO<=200pct,,100.0,,,,,2557.0,39457.0,,,,1,290514
nlsy97_1997cohort,2000,2145,20,18-24,0.0,4,2.0,4.0,3.0,420285.0,False,0.0,CV_HH_POV_RATIO<=200pct,16.89,100.0,,,,323902.0,183404.0,0.0,,,,1,309242
nlsy97_1997cohort,2003,2146,20,18-24,1.0,4,2.0,4.0,5.0,370733.0,False,0.0,CV_HH_POV_RATIO<=200pct,14.2,100.0,,,,292331.0,293300.0,0.0,94.71,1.486,,1,291901
nlsy97_1997cohort,2003,2149,20,18-24,0.0,4,2.0,4.0,4.0,370733.0,False,0.0,CV_HH_POV_RATIO<=200pct,14.2,100.0,,,,125881.0,94990.0,0.0,,,,1,262346
nlsy97_1997cohort,2001,2155,20,18-24,1.0,4,2.0,4.0,2.0,60870.0,False,0.0,CV_HH_POV_RATIO<=200pct,3.51,100.0,,,,,,54071.0,32.08,,,1,265103
nlsy97_1997cohort,2002,2162,20,18-24,0.0,4,2.0,1.0,4.0,391563.0,False,0.0,CV_HH_POV_RATIO<=200pct,15.21,100.0,,,,16075.0,5115.0,0.0,94.08,1.54,,1,287826
nlsy97_1997cohort,2004,2165,20,18-24,0.0,4,2.0,1.0,5.0,592688.0,False,0.0,CV_HH_POV_RATIO<=200pct,26.27,100.0,,,,,3069.0,0.0,64.89,,,1,295126
nlsy97_1997cohort,2003,2171,20,18-24,1.0,4,2.0,1.0,2.0,15393.0,False,1.0,CV_HH_POV_RATIO<=200pct,0.89,100.0,,,,,3580.0,43842.0,82.75,0.525,,1,316088
nlsy97_1997cohort,2002,2181,20,18-24,0.0,4,2.0,1.0,4.0,391563.0,False,0.0,CV_HH_POV_RATIO<=200pct,15.21,100.0,,,,12422.0,4384.0,17537.0,,,,1,282818
nlsy97_1997cohort,2004,2195,20,18-24,1.0,4,2.0,3.0,5.0,592688.0,False,0.0,CV_HH_POV_RATIO<=200pct,26.27,100.0,,,,,9499.0,21921.0,71.16,0.311,,1,305191
nlsy97_1997cohort,2003,2203,20,18-24,1.0,4,2.0,1.0,5.0,370733.0,False,0.0,CV_HH_POV_RATIO<=200pct,14.2,100.0,,,,1439.0,2192.0,4384.0,,,,1,323015
nlsy97_1997cohort,2003,2206,20,18-24,0.0,4,2.0,1.0,3.0,370733.0,False,0.0,CV_HH_POV_RATIO<=200pct,14.2,100.0,,,,1007.0,1754.0,4384.0,89.76,0.315,,1,299283
nlsy97_1997cohort,2004,2215,20,18-24,0.0,4,,,,,False,,CV_HH_POV_RATIO<=200pct,,,,,,,0.0,58455.0,89.96,0.177,,1,318104
nlsy97_1997cohort,2002,2247,20,18-24,1.0,2,2.0,4.0,2.0,43842.0,False,0.0,CV_HH_POV_RATIO<=200pct,2.53,0.0,,,,,0.0,52610.0,53.68,0.432,,1,228708
nlsy97_1997cohort,2004,2251,20,18-24,0.0,4,2.0,1.0,1.0,3516.0,False,1.0,CV_HH_POV_RATIO<=200pct,0.26,100.0,,,,,146138.0,0.0,62.72,,,1,286917
nlsy97_1997cohort,2002,2253,20,18-24,0.0,4,2.0,1.0,3.0,33612.0,False,1.0,CV_HH_POV_RATIO<=200pct,1.66,100.0,,,,421609.0,1461.0,0.0,96.78,1.214,,1,278420
nlsy97_1997cohort,2002,2263,20,18-24,1.0,4,2.0,1.0,5.0,212359.0,False,0.0,CV_HH_POV_RATIO<=200pct,6.71,100.0,,,,377331.0,14175.0,2923.0,19.94,,,1,297238
nlsy97_1997cohort,2001,2270,20,18-24,1.0,4,2.0,1.0,5.0,120237.0,False,0.0,CV_HH_POV_RATIO<=200pct,3.8,0.0,,,,263019.0,0.0,0.0,73.76,1.306,,1,272522
nlsy97_1997cohort,2001,2271,20,18-24,1.0,4,2.0,1.0,4.0,123995.0,False,0.0,CV_HH_POV_RATIO<=200pct,4.57,100.0,,,,263470.0,438.0,0.0,47.9,0.944,,1,272522
nlsy97_1997cohort,2003,2303,20,18-24,0.0,1,1.0,3.0,8.0,370733.0,False,0.0,CV_HH_POV_RATIO<=200pct,14.2,100.0,,,,43878.0,10230.0,5846.0,15.95,,,1,113602
nlsy97_1997cohort,2004,2314,20,18-24,0.0,4,1.0,1.0,6.0,24615.0,False,1.0,CV_HH_POV_RATIO<=200pct,0.71,100.0,,,,,877.0,42380.0,17.11,,,1,281400
nlsy97_1997cohort,2004,2344,20,18-24,1.0,4,2.0,1.0,5.0,592688.0,False,0.0,CV_HH_POV_RATIO<=200pct,26.27,100.0,,,,,1638.0,3653.0,71.15,,,1,297501
nlsy97_1997cohort,2004,2347,20,18-24,1.0,4,2.0,1.0,4.0,592688.0,False,0.0,CV_HH_POV_RATIO<=200pct,26.27,100.0,,,,,292.0,0.0,100.0,1.346,,1,306340
nlsy97_1997cohort,2004,2351,20,18-24,1.0,4,2.0,1.0,3.0,,False,,CV_HH_POV_RATIO<=200pct,,100.0,,,,,,51148.0,44.9,,,1,297855
nlsy97_1997cohort,2004,2381,20,18-24,0.0,4,2.0,1.0,5.0,592688.0,False,0.0,CV_HH_POV_RATIO<=200pct,26.27,100.0,,,,,2484.0,21921.0,44.55,,,1,293124
nlsy97_1997cohort,2004,2395,20,18-24,0.0,4,2.0,1.0,4.0,592688.0,False,0.0,CV_HH_POV_RATIO<=200pct,26.27,100.0,,,,,8768.0,0.0,68.35,,,1,281400
nlsy97_1997cohort,2002,2411,20,18-24,0.0,4,2.0,1.0,3.0,20459.0,False,1.0,CV_HH_POV_RATIO<=200pct,0.98,100.0,,,,297522.0,17521.0,1315.0,20.51,,,1,289450
nlsy97_1997cohort,2001,2422,20,18-24,0.0,4,1.0,1.0,3.0,86421.0,False,0.0,CV_HH_POV_RATIO<=200pct,4.27,0.0,,,,246485.0,877.0,877.0,96.9,1.439,,1,261824
nlsy97_1997cohort,2000,2447,20,18-24,0.0,4,2.0,1.0,6.0,93986.0,False,0.0,CV_HH_POV_RATIO<=200pct,2.53,100.0,,,,93986.0,77453.0,14614.0,23.72,,,1,310954
nlsy97_1997cohort,2004,2467,20,18-24,0.0,4,,,,,False,,CV_HH_POV_RATIO<=200pct,,,,,,,2923.0,65762.0,,,,1,285938
nlsy97_1997cohort,2002,2487,20,18-24,0.0,4,2.0,1.0,2.0,391563.0,False,0.0,CV_HH_POV_RATIO<=200pct,15.21,100.0,,,,32883.0,1.0,35073.0,54.54,0.56,,1,289129
nlsy97_1997cohort,2001,2545,20,18-24,0.0,4,2.0,1.0,3.0,429556.0,False,0.0,CV_HH_POV_RATIO<=200pct,17.2,100.0,,,,45841.0,10522.0,9061.0,10.62,,,1,278282
nlsy97_1997cohort,2003,2563,20,18-24,0.0,4,2.0,1.0,6.0,370733.0,False,0.0,CV_HH_POV_RATIO<=200pct,14.2,0.0,,,,4316.0,0.0,0.0,53.7,,,1,260241
nlsy97_1997cohort,2002,2589,20,18-24,0.0,4,2.0,2.0,2.0,33612.0,False,1.0,CV_HH_POV_RATIO<=200pct,1.94,100.0,,,,252235.0,0.0,10814.0,72.56,0.365,,1,293546
nlsy97_1997cohort,2001,2592,20,18-24,1.0,4,2.0,3.0,3.0,429556.0,False,0.0,CV_HH_POV_RATIO<=200pct,17.2,100.0,,,,,,0.0,81.58,1.069,,1,257788
nlsy97_1997cohort,2000,2639,20,18-24,1.0,4,2.0,2.0,4.0,104860.0,False,0.0,CV_HH_POV_RATIO<=200pct,3.93,100.0,,,,273414.0,1461.0,0.0,80.73,1.912,,1,364514
nlsy97_1997cohort,2002,2643,20,18-24,0.0,4,1.0,2.0,2.0,33612.0,False,1.0,CV_HH_POV_RATIO<=200pct,1.94,100.0,,,,,0.0,40919.0,23.12,,,1,294624
nlsy97_1997cohort,2001,2656,20,18-24,1.0,4,1.0,2.0,5.0,63275.0,False,1.0,CV_HH_POV_RATIO<=200pct,2.0,0.0,,,,,0.0,146138.0,30.23,,,1,265484
nlsy97_1997cohort,2001,2658,20,18-24,0.0,4,2.0,2.0,5.0,201398.0,False,0.0,CV_HH_POV_RATIO<=200pct,6.17,100.0,,,,256632.0,365.0,6576.0,88.68,0.588,,1,272966
nlsy97_1997cohort,2001,2659,20,18-24,1.0,4,2.0,2.0,3.0,109717.0,False,0.0,CV_HH_POV_RATIO<=200pct,5.42,100.0,,,,276396.0,1315.0,0.0,77.13,0.996,,1,264747
nlsy97_1997cohort,2000,2672,20,18-24,1.0,4,2.0,2.0,4.0,191933.0,False,0.0,CV_HH_POV_RATIO<=200pct,7.07,100.0,,,,389616.0,1169.0,0.0,78.77,1.202,,1,333352
nlsy97_1997cohort,2003,2712,20,18-24,1.0,4,1.0,2.0,7.0,370733.0,False,0.0,CV_HH_POV_RATIO<=200pct,14.2,,,,,,0.0,0.0,4.16,,,1,294849
nlsy97_1997cohort,2004,2757,20,18-24,1.0,4,2.0,2.0,2.0,55138.0,False,0.0,CV_HH_POV_RATIO<=200pct,3.18,100.0,,,,,26.0,68393.0,94.9,1.555,,1,294774
nlsy97_1997cohort,2002,2765,20,18-24,0.0,4,,,,,False,,CV_HH_POV_RATIO<=200pct,,,,,,,4384.0,43842.0,67.58,0.36,,1,297338
nlsy97_1997cohort,2001,2773,20,18-24,0.0,4,2.0,2.0,4.0,429556.0,False,0.0,CV_HH_POV_RATIO<=200pct,17.2,0.0,,,,,0.0,0.0,,,,1,272734
nlsy97_1997cohort,2001,2795,20,18-24,0.0,4,2.0,2.0,6.0,209294.0,False,0.0,CV_HH_POV_RATIO<=200pct,5.63,100.0,,,,250845.0,292.0,21190.0,,,,1,292627
nlsy97_1997cohort,2003,2815,20,18-24,1.0,1,1.0,2.0,2.0,0.0,False,1.0,CV_HH_POV_RATIO<=200pct,0.0,0.0,,,,719322.0,365347.0,0.0,1.6,,,1,264552
nlsy97_1997cohort,2000,2823,20,18-24,0.0,1,1.0,2.0,3.0,551.0,False,1.0,CV_HH_POV_RATIO<=200pct,0.03,0.0,,,,270307.0,0.0,1461.0,,,,1,256685
nlsy97_1997cohort,2001,2839,20,18-24,1.0,4,2.0,2.0,4.0,195386.0,False,0.0,CV_HH_POV_RATIO<=200pct,7.32,100.0,,,,16082.0,292.0,46764.0,64.79,0.642,,1,258396
nlsy97_1997cohort,2000,2860,20,18-24,0.0,4,1.0,2.0,4.0,7721.0,False,1.0,CV_HH_POV_RATIO<=200pct,0.29,0.0,,,,,1461.0,58455.0,9.58,,,1,313697
nlsy97_1997cohort,2003,2870,20,18-24,1.0,4,2.0,2.0,6.0,370733.0,False,0.0,CV_HH_POV_RATIO<=200pct,14.2,0.0,,,,,,0.0,72.32,0.393,,1,292342
nlsy97_1997cohort,2000,2876,20,18-24,0.0,4,2.0,2.0,7.0,420285.0,False,0.0,CV_HH_POV_RATIO<=200pct,16.89,0.0,,,,29206.0,1900.0,0.0,100.0,2.274,,1,323148
nlsy97_1997cohort,2003,2884,20,18-24,0.0,4,2.0,2.0,3.0,62868.0,False,0.0,CV_HH_POV_RATIO<=200pct,3.11,100.0,,,,,4837.0,39019.0,57.11,,,1,250421
nlsy97_1997cohort,2000,2894,20,18-24,1.0,4,1.0,2.0,3.0,89326.0,False,0.0,CV_HH_POV_RATIO<=200pct,4.41,100.0,,,,272637.0,731.0,0.0,93.98,1.741,,1,326816
nlsy97_1997cohort,2002,2895,20,18-24,0.0,3,2.0,2.0,3.0,391563.0,False,0.0,CV_HH_POV_RATIO<=200pct,15.21,0.0,,,,3653.0,0.0,0.0,8.68,,,1,283774
nlsy97_1997cohort,2001,2899,20,18-24,0.0,4,2.0,2.0,3.0,429556.0,False,0.0,CV_HH_POV_RATIO<=200pct,17.2,0.0,,,,3757.0,0.0,0.0,26.32,0.254,,1,272092
nlsy97_1997cohort,2003,2913,20,18-24,1.0,4,2.0,3.0,1.0,12085.0,False,1.0,CV_HH_POV_RATIO<=200pct,0.9,100.0,,,,363314.0,365404.0,0.0,40.8,0.098,,1,304782
nlsy97_1997cohort,2002,2921,20,18-24,0.0,4,,,,,False,,CV_HH_POV_RATIO<=200pct,,,,,,,146138.0,7307.0,33.66,0.065,,1,326784
nlsy97_1997cohort,2002,2926,20,18-24,0.0,4,2.0,2.0,3.0,83300.0,False,0.0,CV_HH_POV_RATIO<=200pct,4.11,100.0,,,,,2630.0,46764.0,62.02,,,1,326784
nlsy97_1997cohort,2004,2937,20,18-24,1.0,4,2.0,2.0,4.0,592688.0,False,0.0,CV_HH_POV_RATIO<=200pct,26.27,100.0,,,,,,0.0,77.6,,,1,321024
nlsy97_1997cohort,2000,2938,20,18-24,0.0,4,2.0,2.0,5.0,420285.0,False,0.0,CV_HH_POV_RATIO<=200pct,16.89,100.0,,,,73791.0,14614.0,0.0,99.61,2.322,,1,333499
nlsy97_1997cohort,2000,2940,20,18-24,1.0,4,2.0,2.0,5.0,,False,,CV_HH_POV_RATIO<=200pct,,100.0,,,,405073.0,15710.0,0.0,19.23,,,1,351051
nlsy97_1997cohort,2003,2941,20,18-24,0.0,4,2.0,2.0,5.0,370733.0,False,0.0,CV_HH_POV_RATIO<=200pct,14.2,100.0,,,,14386.0,10960.0,0.0,76.62,0.217,,1,279539
nlsy97_1997cohort,2000,2949,20,18-24,0.0,4,2.0,2.0,4.0,57479.0,False,0.0,CV_HH_POV_RATIO<=200pct,2.12,100.0,,,,273321.0,1374.0,0.0,31.48,,,1,323656
nlsy97_1997cohort,2001,2962,20,18-24,1.0,1,2.0,2.0,6.0,429556.0,False,0.0,CV_HH_POV_RATIO<=200pct,17.2,100.0,,,,827.0,73.0,2923.0,,,,1,265484
nlsy97_1997cohort,2000,2980,20,18-24,0.0,4,2.0,2.0,2.0,118065.0,False,0.0,CV_HH_POV_RATIO<=200pct,6.81,100.0,,,,276210.0,438.0,731.0,67.11,0.84,,1,324966
nlsy97_1997cohort,2002,2982,20,18-24,1.0,4,2.0,2.0,3.0,33246.0,False,1.0,CV_HH_POV_RATIO<=200pct,1.64,100.0,,,,,9499.0,51148.0,86.69,0.868,,1,304294
nlsy97_1997cohort,2003,2989,20,18-24,1.0,4,2.0,2.0,3.0,370733.0,False,0.0,CV_HH_POV_RATIO<=200pct,14.2,0.0,,,,,0.0,0.0,53.8,0.335,,1,297306
nlsy97_1997cohort,2002,2990,20,18-24,0.0,4,,,,,False,,CV_HH_POV_RATIO<=200pct,,,,,,,0.0,47495.0,85.94,0.769,,1,300373
nlsy97_1997cohort,2004,3027,20,18-24,0.0,4,2.0,2.0,3.0,592688.0,False,0.0,CV_HH_POV_RATIO<=200pct,26.27,100.0,,,,,804.0,11691.0,80.35,,,1,285152
nlsy97_1997cohort,2003,3032,20,18-24,0.0,4,2.0,2.0,1.0,82306.0,False,0.0,CV_HH_POV_RATIO<=200pct,6.11,100.0,,,,233779.0,125679.0,13152.0,41.94,,,1,250421
nlsy97_1997cohort,2004,3033,20,18-24,0.0,4,1.0,2.0,5.0,592688.0,False,0.0,CV_HH_POV_RATIO<=200pct,26.27,100.0,,,,,,0.0,0.51,,,1,281400
nlsy97_1997cohort,2000,3084,20,18-24,0.0,4,2.0,2.0,5.0,420285.0,False,0.0,CV_HH_POV_RATIO<=200pct,16.89,100.0,,,,58722.0,438.0,0.0,99.17,2.124,,1,318677
nlsy97_1997cohort,2004,3210,20,18-24,1.0,4,2.0,2.0,3.0,,False,,CV_HH_POV_RATIO<=200pct,,100.0,,,,,15.0,39092.0,61.45,,,1,335515
nlsy97_1997cohort,2001,3215,20,18-24,0.0,4,2.0,2.0,4.0,172841.0,False,0.0,CV_HH_POV_RATIO<=200pct,6.47,100.0,,,,187645.0,102297.0,950.0,65.04,0.065,,1,305462
nlsy97_1997cohort,2002,3217,20,18-24,0.0,4,2.0,2.0,4.0,391563.0,False,0.0,CV_HH_POV_RATIO<=200pct,15.21,100.0,,,,186765.0,153884.0,0.0,,,,1,318577
nlsy97_1997cohort,2000,3234,20,18-24,0.0,4,,,,,False,,CV_HH_POV_RATIO<=200pct,,,,,,,2923.0,48226.0,0.55,,,1,304735
nlsy97_1997cohort,2003,3236,20,18-24,1.0,4,2.0,3.0,1.0,15106.0,False,1.0,CV_HH_POV_RATIO<=200pct,1.12,100.0,,,,189539.0,3288.0,73801.0,47.87,,,1,282948
nlsy97_1997cohort,2001,3249,20,18-24,1.0,4,2.0,2.0,2.0,52454.0,False,0.0,CV_HH_POV_RATIO<=200pct,3.03,100.0,,,,65224.0,64301.0,62990.0,70.26,0.238,,1,259123
nlsy97_1997cohort,2000,3258,20,18-24,0.0,4,2.0,2.0,3.0,100977.0,False,0.0,CV_HH_POV_RATIO<=200pct,4.99,0.0,,,,276521.0,0.0,0.0,53.05,0.761,,1,313697
nlsy97_1997cohort,2003,3262,20,18-24,0.0,4,2.0,2.0,4.0,370733.0,False,0.0,CV_HH_POV_RATIO<=200pct,14.2,0.0,,,,12228.0,0.0,10230.0,,,,1,250421
nlsy97_1997cohort,2000,3325,20,18-24,0.0,4,2.0,3.0,5.0,197340.0,False,0.0,CV_HH_POV_RATIO<=200pct,6.13,100.0,,,,428296.0,399250.0,0.0,98.74,2.013,,1,303110
nlsy97_1997cohort,2002,3334,20,18-24,1.0,4,2.0,3.0,2.0,113988.0,False,0.0,CV_HH_POV_RATIO<=200pct,6.58,100.0,,,,7745.0,1169.0,40919.0,31.71,0.187,,1,313324
nlsy97_1997cohort,2000,3367,20,18-24,0.0,4,2.0,3.0,4.0,170884.0,False,0.0,CV_HH_POV_RATIO<=200pct,6.3,100.0,,,,44274.0,20459.0,40919.0,6.54,,,1,302145
nlsy97_1997cohort,2004,3368,20,18-24,1.0,4,2.0,3.0,4.0,592688.0,False,0.0,CV_HH_POV_RATIO<=200pct,26.27,100.0,,,,,,0.0,72.94,,,1,290843
nlsy97_1997cohort,2000,3374,20,18-24,0.0,4,2.0,3.0,4.0,420285.0,False,0.0,CV_HH_POV_RATIO<=200pct,16.89,100.0,,,,12428.0,2192.0,0.0,69.92,1.178,,1,308244
nlsy97_1997cohort,2002,3381,20,18-24,1.0,4,2.0,2.0,3.0,391563.0,False,0.0,CV_HH_POV_RATIO<=200pct,15.21,100.0,,,,,731.0,17537.0,63.13,0.796,,1,288635
nlsy97_1997cohort,2001,3386,20,18-24,0.0,1,,,,,False,,CV_HH_POV_RATIO<=200pct,,,,,,,180481.0,26743.0,45.52,0.544,,1,252898
nlsy97_1997cohort,2003,3435,20,18-24,0.0,4,2.0,3.0,4.0,84448.0,False,0.0,CV_HH_POV_RATIO<=200pct,3.16,100.0,,,,,183.0,49687.0,98.66,1.41,,1,286846
nlsy97_1997cohort,2003,3451,20,18-24,0.0,4,1.0,3.0,3.0,370733.0,False,0.0,CV_HH_POV_RATIO<=200pct,14.2,0.0,,,,719.0,0.0,2923.0,54.05,,,1,277738
nlsy97_1997cohort,2003,3457,20,18-24,0.0,4,2.0,3.0,3.0,194216.0,False,0.0,CV_HH_POV_RATIO<=200pct,9.59,100.0,,,,91354.0,76723.0,731.0,88.89,1.057,,1,277738
nlsy97_1997cohort,2003,3458,20,18-24,0.0,4,2.0,3.0,5.0,177672.0,False,0.0,CV_HH_POV_RATIO<=200pct,5.52,100.0,,,,317220.0,292277.0,0.0,86.86,0.939,,1,277738
nlsy97_1997cohort,2002,3464,20,18-24,0.0,4,2.0,3.0,5.0,391563.0,False,0.0,CV_HH_POV_RATIO<=200pct,15.21,100.0,,,,8038.0,4384.0,0.0,40.12,,,1,279105
nlsy97_1997cohort,2004,3476,20,18-24,0.0,4,2.0,3.0,2.0,12659.0,False,1.0,CV_HH_POV_RATIO<=200pct,0.73,,,,,,0.0,40188.0,82.6,,,1,294190
nlsy97_1997cohort,2004,3482,20,18-24,0.0,4,2.0,3.0,7.0,118153.0,False,0.0,CV_HH_POV_RATIO<=200pct,2.76,0.0,,,,,0.0,59917.0,62.89,,,1,287142
nlsy97_1997cohort,2004,3485,20,18-24,0.0,4,2.0,3.0,4.0,22154.0,False,1.0,CV_HH_POV_RATIO<=200pct,0.84,100.0,,,,,1461.0,43842.0,39.12,,,1,287142
nlsy97_1997cohort,2001,3521,20,18-24,1.0,4,2.0,3.0,2.0,19539.0,False,1.0,CV_HH_POV_RATIO<=200pct,1.13,100.0,,,,342161.0,255972.0,0.0,26.43,,,1,253941
nlsy97_1997cohort,2003,3603,20,18-24,0.0,2,2.0,3.0,3.0,53949.0,False,0.0,CV_HH_POV_RATIO<=200pct,2.66,100.0,,,,254639.0,2923.0,0.0,12.8,,,1,88956
nlsy97_1997cohort,2003,3604,20,18-24,1.0,4,2.0,3.0,3.0,370733.0,False,0.0,CV_HH_POV_RATIO<=200pct,14.2,100.0,,,,5755.0,2192.0,27766.0,53.2,0.43,,1,270278
nlsy97_1997cohort,2004,3613,20,18-24,1.0,4,,,,,False,,CV_HH_POV_RATIO<=200pct,,,,,,,87683.0,0.0,32.27,,,1,287584
nlsy97_1997cohort,2004,3640,20,18-24,0.0,4,2.0,3.0,4.0,592688.0,False,0.0,CV_HH_POV_RATIO<=200pct,26.27,100.0,,,,,1461.0,0.0,75.91,,,1,336576
nlsy97_1997cohort,2004,3679,20,18-24,0.0,1,,,,,False,,CV_HH_POV_RATIO<=200pct,,,,,,,438415.0,0.0,72.16,0.087,,1,105822
nlsy97_1997cohort,2001,3713,20,18-24,1.0,4,2.0,2.0,3.0,31713.0,False,1.0,CV_HH_POV_RATIO<=200pct,1.52,100.0,,,,37875.0,1023.0,42380.0,48.8,0.526,,1,268452
nlsy97_1997cohort,2000,3724,20,18-24,0.0,4,2.0,4.0,3.0,46605.0,False,0.0,CV_HH_POV_RATIO<=200pct,2.24,100.0,,,,222444.0,1169.0,14614.0,,,,1,310475
nlsy97_1997cohort,2002,3746,20,18-24,0.0,1,2.0,3.0,2.0,51148.0,False,0.0,CV_HH_POV_RATIO<=200pct,2.95,100.0,,,,13591.0,8038.0,39019.0,51.33,,,1,95540
nlsy97_1997cohort,2002,3813,20,18-24,0.0,4,2.0,3.0,1.0,51148.0,False,0.0,CV_HH_POV_RATIO<=200pct,3.8,,,,,,2192.0,42380.0,,,,1,279491
nlsy97_1997cohort,2001,3814,20,18-24,0.0,4,2.0,3.0,4.0,148794.0,False,0.0,CV_HH_POV_RATIO<=200pct,5.48,100.0,,,,,585.0,46764.0,38.49,,,1,267985
nlsy97_1997cohort,2003,3816,20,18-24,0.0,4,2.0,3.0,4.0,370733.0,False,0.0,CV_HH_POV_RATIO<=200pct,14.2,100.0,,,,28053.0,24844.0,0.0,89.75,0.953,,1,256313
nlsy97_1997cohort,2004,3817,20,18-24,0.0,4,2.0,3.0,1.0,592688.0,False,0.0,CV_HH_POV_RATIO<=200pct,26.27,100.0,,,,,27036.0,0.0,,,,1,288021
nlsy97_1997cohort,2001,3875,20,18-24,1.0,3,2.0,2.0,6.0,429556.0,False,0.0,CV_HH_POV_RATIO<=200pct,17.2,0.0,,,,56361.0,0.0,0.0,18.95,,,1,264306
nlsy97_1997cohort,2001,3894,20,18-24,1.0,4,2.0,3.0,5.0,184489.0,False,0.0,CV_HH_POV_RATIO<=200pct,5.65,100.0,,,,264823.0,1754.0,0.0,100.0,1.903,,1,253941
nlsy97_1997cohort,2001,3895,20,18-24,0.0,4,2.0,3.0,4.0,429556.0,False,0.0,CV_HH_POV_RATIO<=200pct,17.2,100.0,,,,13376.0,2046.0,0.0,93.2,1.878,,1,261824
nlsy97_1997cohort,2004,3910,20,18-24,0.0,4,2.0,3.0,5.0,,False,,CV_HH_POV_RATIO<=200pct,,100.0,,,,,1.0,39457.0,,,,1,300159
nlsy97_1997cohort,2001,3955,20,18-24,1.0,4,1.0,3.0,6.0,,False,,CV_HH_POV_RATIO<=200pct,,100.0,,,,,438.0,47495.0,10.53,,,1,253941
nlsy97_1997cohort,2003,3962,20,18-24,0.0,4,2.0,3.0,5.0,162422.0,False,0.0,CV_HH_POV_RATIO<=200pct,5.05,100.0,,,,176233.0,10960.0,54802.0,48.85,,,1,250421
nlsy97_1997cohort,2003,3964,20,18-24,1.0,4,2.0,3.0,1.0,4676.0,False,1.0,CV_HH_POV_RATIO<=200pct,0.35,,,,,,877.0,54071.0,48.61,,,1,298729
nlsy97_1997cohort,2004,3965,20,18-24,1.0,4,2.0,3.0,4.0,592688.0,False,0.0,CV_HH_POV_RATIO<=200pct,26.27,0.0,,,,,0.0,0.0,83.56,0.589,,1,317856
nlsy97_1997cohort,2002,3967,20,18-24,0.0,4,2.0,2.0,3.0,391563.0,False,0.0,CV_HH_POV_RATIO<=200pct,15.21,100.0,,,,10668.0,7015.0,0.0,88.96,1.417,,1,301810
nlsy97_1997cohort,2004,4029,20,18-24,0.0,4,2.0,3.0,4.0,592688.0,False,0.0,CV_HH_POV_RATIO<=200pct,26.27,,,,,,0.0,20459.0,29.71,,,1,299361
nlsy97_1997cohort,2001,4098,20,18-24,1.0,4,2.0,3.0,3.0,429556.0,False,0.0,CV_HH_POV_RATIO<=200pct,17.2,100.0,,,,48997.0,22067.0,0.0,34.45,0.619,,1,269056
nlsy97_1997cohort,2004,4101,20,18-24,0.0,4,2.0,3.0,3.0,592688.0,False,0.0,CV_HH_POV_RATIO<=200pct,26.27,100.0,,,,,4384.0,0.0,92.6,0.447,,1,298149
nlsy97_1997cohort,2003,4107,20,18-24,0.0,4,2.0,3.0,3.0,370733.0,False,0.0,CV_HH_POV_RATIO<=200pct,14.2,100.0,,,,6834.0,365.0,0.0,,,,1,255638
nlsy97_1997cohort,2002,4116,20,18-24,1.0,4,2.0,3.0,2.0,36535.0,False,0.0,CV_HH_POV_RATIO<=200pct,2.11,100.0,,,,,,57359.0,21.86,,,1,291410
nlsy97_1997cohort,2004,4186,20,18-24,1.0,4,1.0,3.0,3.0,592688.0,False,0.0,CV_HH_POV_RATIO<=200pct,26.27,100.0,,,,,731.0,4384.0,52.83,,,1,314973
nlsy97_1997cohort,2000,4203,20,18-24,1.0,4,2.0,3.0,2.0,8156.0,False,1.0,CV_HH_POV_RATIO<=200pct,0.47,100.0,,,,,,55533.0,55.8,0.796,,1,339642
nlsy97_1997cohort,2001,4248,20,18-24,1.0,4,1.0,3.0,3.0,124746.0,False,0.0,CV_HH_POV_RATIO<=200pct,6.16,100.0,,,,3006.0,731.0,48226.0,25.47,,,1,259584
nlsy97_1997cohort,2003,4338,20,18-24,1.0,4,2.0,3.0,2.0,,False,,CV_HH_POV_RATIO<=200pct,,100.0,,,,176665.0,175804.0,21921.0,38.86,,,1,283463
nlsy97_1997cohort,2002,4340,20,18-24,1.0,4,2.0,3.0,4.0,113257.0,False,0.0,CV_HH_POV_RATIO<=200pct,4.17,0.0,,,,260857.0,0.0,0.0,62.91,0.752,,1,293400
nlsy97_1997cohort,2004,4341,20,18-24,0.0,4,2.0,2.0,5.0,592688.0,False,0.0,CV_HH_POV_RATIO<=200pct,26.27,0.0,,,,,0.0,8768.0,34.55,,,1,295126
nlsy97_1997cohort,2004,4356,20,18-24,0.0,4,2.0,4.0,3.0,592688.0,False,0.0,CV_HH_POV_RATIO<=200pct,26.27,100.0,,,,,1900.0,3653.0,1.83,,,1,286425
nlsy97_1997cohort,2004,4387,20,18-24,0.0,4,1.0,4.0,3.0,60490.0,False,0.0,CV_HH_POV_RATIO<=200pct,2.9,100.0,,,,,147161.0,24844.0,18.76,,,1,287387
nlsy97_1997cohort,2002,4549,20,18-24,1.0,4,2.0,4.0,4.0,,False,,CV_HH_POV_RATIO<=200pct,,100.0,,,,86952.0,73069.0,29228.0,49.69,,,1,284495
nlsy97_1997cohort,2000,4561,20,18-24,1.0,4,2.0,4.0,4.0,125522.0,False,0.0,CV_HH_POV_RATIO<=200pct,4.63,100.0,,,,93209.0,76723.0,0.0,44.8,0.199,,1,343966
nlsy97_1997cohort,2000,4596,20,18-24,0.0,4,1.0,4.0,3.0,7767.0,False,1.0,CV_HH_POV_RATIO<=200pct,0.37,100.0,,,,98491.0,79499.0,0.0,56.84,0.177,,1,305116
nlsy97_1997cohort,2000,4613,20,18-24,0.0,3,2.0,,7.0,420285.0,False,0.0,CV_HH_POV_RATIO<=200pct,16.89,100.0,,,,243898.0,189249.0,36535.0,34.89,0.086,,1,327213
nlsy97_1997cohort,2002,4625,20,18-24,0.0,1,2.0,4.0,5.0,37996.0,False,1.0,CV_HH_POV_RATIO<=200pct,1.2,,,,,,0.0,68685.0,1.38,,,1,211934
nlsy97_1997cohort,2000,4663,20,18-24,0.0,4,2.0,4.0,3.0,114958.0,False,0.0,CV_HH_POV_RATIO<=200pct,5.68,100.0,,,,275685.0,18.0,73.0,68.06,1.341,,1,310033
nlsy97_1997cohort,2003,4671,20,18-24,1.0,2,2.0,4.0,7.0,136671.0,False,0.0,CV_HH_POV_RATIO<=200pct,3.26,100.0,,,,9639.0,1754.0,54071.0,55.55,,,1,224067
nlsy97_1997cohort,2003,4709,20,18-24,0.0,4,2.0,4.0,3.0,370733.0,False,0.0,CV_HH_POV_RATIO<=200pct,14.2,0.0,,,,6474.0,0.0,0.0,30.8,,,1,260146
nlsy97_1997cohort,2002,4737,20,18-24,0.0,4,2.0,4.0,3.0,391563.0,False,0.0,CV_HH_POV_RATIO<=200pct,15.21,100.0,,,,,13518.0,31420.0,25.47,,,1,292117
nlsy97_1997cohort,2000,4747,20,18-24,1.0,1,2.0,2.0,3.0,420285.0,False,0.0,CV_HH_POV_RATIO<=200pct,16.89,0.0,,,,50488.0,43842.0,0.0,22.76,,,1,86588
nlsy97_1997cohort,2004,4772,20,18-24,1.0,2,2.0,4.0,2.0,592688.0,False,0.0,CV_HH_POV_RATIO<=200pct,26.27,0.0,,,,,0.0,0.0,73.3,0.257,,1,89468
nlsy97_1997cohort,2000,4780,20,18-24,0.0,2,2.0,4.0,4.0,7767.0,False,1.0,CV_HH_POV_RATIO<=200pct,0.29,100.0,,,,,205.0,43842.0,,,,1,118333
nlsy97_1997cohort,2003,4786,20,18-24,1.0,2,2.0,4.0,5.0,140267.0,False,0.0,CV_HH_POV_RATIO<=200pct,4.29,,,,,,585.0,40480.0,52.4,,,1,96007
nlsy97_1997cohort,2000,4788,20,18-24,0.0,4,2.0,4.0,4.0,420285.0,False,0.0,CV_HH_POV_RATIO<=200pct,16.89,100.0,,,,93228.0,54819.0,0.0,98.26,1.606,,1,353634
nlsy97_1997cohort,2002,4789,20,18-24,1.0,4,2.0,4.0,3.0,391563.0,False,0.0,CV_HH_POV_RATIO<=200pct,15.21,100.0,,,,43111.0,2923.0,0.0,56.92,0.261,,1,331137
nlsy97_1997cohort,2001,4824,20,18-24,0.0,4,,,,,False,,CV_HH_POV_RATIO<=200pct,,,,,,,19729.0,39457.0,50.99,,,1,266764
nlsy97_1997cohort,2001,4825,20,18-24,1.0,4,2.0,1.0,3.0,429556.0,False,0.0,CV_HH_POV_RATIO<=200pct,17.2,0.0,,,,18787.0,0.0,7307.0,49.12,,,1,258732
nlsy97_1997cohort,2001,4828,20,18-24,1.0,4,2.0,1.0,3.0,123995.0,False,0.0,CV_HH_POV_RATIO<=200pct,6.12,0.0,,,,262719.0,0.0,292.0,,,,1,258732
nlsy97_1997cohort,2004,4839,20,18-24,0.0,4,2.0,1.0,5.0,592688.0,False,0.0,CV_HH_POV_RATIO<=200pct,26.27,100.0,,,,,5846.0,20679.0,54.95,,,1,291273
nlsy97_1997cohort,2004,4842,20,18-24,1.0,4,2.0,1.0,2.0,35587.0,False,0.0,CV_HH_POV_RATIO<=200pct,2.05,100.0,,,,,292.0,96305.0,92.27,0.543,,1,297675
nlsy97_1997cohort,2000,4850,20,18-24,1.0,4,1.0,1.0,6.0,214456.0,False,0.0,CV_HH_POV_RATIO<=200pct,5.79,100.0,,,,270614.0,655.0,1827.0,45.41,0.647,,1,345931
nlsy97_1997cohort,2000,4852,20,18-24,1.0,4,2.0,1.0,4.0,420285.0,False,0.0,CV_HH_POV_RATIO<=200pct,16.89,0.0,,,,109521.0,43842.0,17537.0,67.48,0.73,,1,345931
nlsy97_1997cohort,2004,4877,20,18-24,1.0,4,2.0,1.0,6.0,56615.0,False,1.0,CV_HH_POV_RATIO<=200pct,1.59,100.0,,,,,13.0,57725.0,45.86,,,1,298645
nlsy97_1997cohort,2004,4913,20,18-24,0.0,4,,,,,False,,CV_HH_POV_RATIO<=200pct,,,,,,,0.0,146138.0,84.22,0.382,,1,281400
nlsy97_1997cohort,2000,4926,20,18-24,1.0,4,2.0,1.0,4.0,238460.0,False,0.0,CV_HH_POV_RATIO<=200pct,8.79,100.0,,,,272016.0,146.0,0.0,39.44,0.665,,1,324311
nlsy97_1997cohort,2004,4966,20,18-24,1.0,4,2.0,1.0,3.0,52747.0,False,0.0,CV_HH_POV_RATIO<=200pct,2.53,100.0,,,,,1608.0,66931.0,33.53,,,1,324297
nlsy97_1997cohort,2000,5079,20,18-24,1.0,4,,,,,False,,CV_HH_POV_RATIO<=200pct,,,,,,,0.0,43842.0,29.36,,,1,331035
nlsy97_1997cohort,2004,5091,20,18-24,1.0,4,2.0,2.0,3.0,592688.0,False,0.0,CV_HH_POV_RATIO<=200pct,26.27,0.0,,,,,0.0,7307.0,98.07,0.733,,1,303561
nlsy97_1997cohort,2004,5104,20,18-24,1.0,4,1.0,2.0,1.0,592688.0,False,0.0,CV_HH_POV_RATIO<=200pct,26.27,,,,,,0.0,3361.0,,,,1,293836
nlsy97_1997cohort,2004,5129,20,18-24,1.0,4,,,,,False,,CV_HH_POV_RATIO<=200pct,,,,,,,5846.0,43842.0,36.05,,,1,308627
nlsy97_1997cohort,2003,5136,20,18-24,0.0,1,2.0,2.0,3.0,158250.0,False,0.0,CV_HH_POV_RATIO<=200pct,7.82,100.0,,,,3956.0,365.0,43842.0,44.25,,,1,238630
nlsy97_1997cohort,2002,5158,20,18-24,1.0,4,2.0,2.0,2.0,391563.0,False,0.0,CV_HH_POV_RATIO<=200pct,15.21,0.0,,,,,0.0,18998.0,50.89,0.954,,1,293075
nlsy97_1997cohort,2004,5220,20,18-24,0.0,4,2.0,2.0,2.0,592688.0,False,0.0,CV_HH_POV_RATIO<=200pct,26.27,100.0,,,,,35073.0,0.0,53.17,0.233,,1,281400
nlsy97_1997cohort,2000,5222,20,18-24,0.0,4,2.0,2.0,2.0,420285.0,False,0.0,CV_HH_POV_RATIO<=200pct,16.89,0.0,,,,50488.0,0.0,0.0,57.0,0.824,,1,298759
nlsy97_1997cohort,2004,5254,20,18-24,0.0,4,,,,,False,,CV_HH_POV_RATIO<=200pct,,,,,,,365346.0,4384.0,,,,1,295126
nlsy97_1997cohort,2003,5257,20,18-24,1.0,4,1.0,2.0,2.0,370733.0,False,0.0,CV_HH_POV_RATIO<=200pct,14.2,,,,,,0.0,0.0,64.22,0.418,,1,283463
nlsy97_1997cohort,2003,5277,20,18-24,0.0,4,2.0,4.0,1.0,20716.0,False,1.0,CV_HH_POV_RATIO<=200pct,1.54,,,,,,365711.0,15491.0,,,,1,250421
nlsy97_1997cohort,2002,5278,20,18-24,0.0,4,2.0,2.0,4.0,109604.0,False,0.0,CV_HH_POV_RATIO<=200pct,4.04,100.0,,,,56263.0,11691.0,39457.0,63.26,,,1,273066
nlsy97_1997cohort,2001,5304,20,18-24,1.0,4,2.0,2.0,5.0,429556.0,False,0.0,CV_HH_POV_RATIO<=200pct,17.2,100.0,,,,12024.0,2192.0,5846.0,37.3,,,1,270502
nlsy97_1997cohort,2001,5341,20,18-24,0.0,4,2.0,2.0,4.0,429556.0,False,0.0,CV_HH_POV_RATIO<=200pct,17.2,100.0,,,,32314.0,17537.0,0.0,25.31,,,1,276106
nlsy97_1997cohort,2001,5362,20,18-24,0.0,3,2.0,2.0,5.0,60269.0,False,1.0,CV_HH_POV_RATIO<=200pct,1.85,100.0,,,,269632.0,2923.0,0.0,85.8,0.509,,1,261824
nlsy97_1997cohort,2003,5367,20,18-24,1.0,4,2.0,2.0,3.0,,False,,CV_HH_POV_RATIO<=200pct,,100.0,,,,314342.0,270356.0,23382.0,69.92,0.193,,1,270278
nlsy97_1997cohort,2004,5374,20,18-24,0.0,4,1.0,2.0,1.0,592688.0,False,0.0,CV_HH_POV_RATIO<=200pct,26.27,100.0,,,,,2207.0,12129.0,,,,1,286611
nlsy97_1997cohort,2003,5402,20,18-24,1.0,4,2.0,3.0,6.0,370733.0,False,0.0,CV_HH_POV_RATIO<=200pct,14.2,100.0,,,,356795.0,12.0,2923.0,,,,1,270278
nlsy97_1997cohort,2001,5408,20,18-24,0.0,4,2.0,2.0,5.0,121755.0,False,0.0,CV_HH_POV_RATIO<=200pct,3.73,100.0,,,,261216.0,4238.0,8914.0,79.68,1.172,,1,261824
nlsy97_1997cohort,2002,5413,20,18-24,1.0,4,2.0,2.0,4.0,36535.0,False,1.0,CV_HH_POV_RATIO<=200pct,1.37,,,,,,73361.0,27036.0,70.71,0.657,,1,279754
nlsy97_1997cohort,2001,5423,20,18-24,0.0,2,2.0,2.0,4.0,108364.0,False,0.0,CV_HH_POV_RATIO<=200pct,4.06,100.0,,,,280529.0,8257.0,8768.0,51.25,,,1,252824
nlsy97_1997cohort,2000,5439,20,18-24,0.0,4,2.0,2.0,4.0,420285.0,False,0.0,CV_HH_POV_RATIO<=200pct,16.89,100.0,,,,388398.0,53.0,29.0,64.56,1.499,,1,304396
nlsy97_1997cohort,2000,5441,20,18-24,0.0,4,2.0,2.0,5.0,167777.0,False,0.0,CV_HH_POV_RATIO<=200pct,5.14,100.0,,,,290502.0,13152.0,0.0,14.3,,,1,304396
nlsy97_1997cohort,2003,5446,20,18-24,1.0,3,2.0,2.0,3.0,15825.0,False,1.0,CV_HH_POV_RATIO<=200pct,0.78,100.0,,,,,585.0,65762.0,72.89,1.165,,1,275378
nlsy97_1997cohort,2003,5449,20,18-24,0.0,4,2.0,2.0,3.0,370733.0,False,0.0,CV_HH_POV_RATIO<=200pct,14.2,,,,,,4384.0,0.0,,,,1,255146
nlsy97_1997cohort,2001,5473,20,18-24,1.0,4,2.0,2.0,2.0,33089.0,False,1.0,CV_HH_POV_RATIO<=200pct,1.91,100.0,,,,,1023.0,43842.0,70.72,1.302,,1,253941
nlsy97_1997cohort,2003,5474,20,18-24,0.0,4,1.0,2.0,5.0,370733.0,False,0.0,CV_HH_POV_RATIO<=200pct,14.2,100.0,,,,170479.0,168059.0,5846.0,99.35,1.446,,1,254893
nlsy97_1997cohort,2001,5493,20,18-24,1.0,4,1.0,2.0,3.0,,False,,CV_HH_POV_RATIO<=200pct,,100.0,,,,,0.0,73071.0,,,,1,265227
nlsy97_1997cohort,2002,5515,20,18-24,0.0,4,2.0,2.0,2.0,,False,,CV_HH_POV_RATIO<=200pct,,100.0,,,,98177.0,93238.0,10405.0,15.93,,,1,273066
nlsy97_1997cohort,2003,5562,20,18-24,1.0,4,2.0,3.0,4.0,53949.0,False,0.0,CV_HH_POV_RATIO<=200pct,2.02,100.0,,,,,329.0,55094.0,90.95,0.576,,1,270278
nlsy97_1997cohort,2004,5577,20,18-24,0.0,1,,,,,False,,CV_HH_POV_RATIO<=200pct,,,,,,,94990.0,0.0,29.88,,,1,240811
nlsy97_1997cohort,2000,5602,20,18-24,0.0,1,2.0,3.0,5.0,,False,,CV_HH_POV_RATIO<=200pct,,0.0,,,,,0.0,76357.0,30.6,,,1,119340
nlsy97_1997cohort,2000,5637,20,18-24,1.0,1,2.0,3.0,2.0,43498.0,False,0.0,CV_HH_POV_RATIO<=200pct,2.51,100.0,,,,,0.0,121295.0,15.79,,,1,117879
nlsy97_1997cohort,2003,5643,20,18-24,0.0,4,2.0,3.0,3.0,133074.0,False,0.0,CV_HH_POV_RATIO<=200pct,6.57,,,,,,3946.0,160752.0,,,,1,256112
nlsy97_1997cohort,2000,5658,20,18-24,0.0,4,2.0,3.0,3.0,73169.0,False,0.0,CV_HH_POV_RATIO<=200pct,3.51,100.0,,,,14292.0,1023.0,89144.0,,,,1,298759
nlsy97_1997cohort,2003,5702,20,18-24,1.0,4,2.0,3.0,3.0,31650.0,False,1.0,CV_HH_POV_RATIO<=200pct,1.52,100.0,,,,12372.0,146.0,65762.0,42.8,,,1,286826
nlsy97_1997cohort,2002,5738,20,18-24,1.0,4,2.0,3.0,3.0,391563.0,False,0.0,CV_HH_POV_RATIO<=200pct,15.21,100.0,,,,3895.0,241.0,0.0,,,,1,279754
nlsy97_1997cohort,2001,5747,20,18-24,0.0,4,2.0,3.0,2.0,26302.0,False,1.0,CV_HH_POV_RATIO<=200pct,1.52,0.0,,,,297287.0,0.0,13445.0,,,,1,279676
nlsy97_1997cohort,2002,5788,20,18-24,1.0,1,2.0,3.0,5.0,775.0,False,1.0,CV_HH_POV_RATIO<=200pct,0.03,100.0,,,,175534.0,164574.0,0.0,4.63,,,1,247166
nlsy97_1997cohort,2003,5794,20,18-24,0.0,4,2.0,3.0,6.0,84880.0,False,0.0,CV_HH_POV_RATIO<=200pct,2.38,0.0,,,,147460.0,102297.0,0.0,38.04,,,1,261077
nlsy97_1997cohort,2000,5799,20,18-24,1.0,4,2.0,3.0,6.0,420285.0,False,,CV_HH_POV_RATIO<=200pct,,100.0,,,,117288.0,731.0,0.0,48.48,0.014,,1,327865
nlsy97_1997cohort,2001,5840,20,18-24,1.0,1,2.0,3.0,3.0,172841.0,False,0.0,CV_HH_POV_RATIO<=200pct,8.54,100.0,,,,256406.0,877.0,7307.0,29.13,0.016,,1,226442
nlsy97_1997cohort,2003,5854,20,18-24,1.0,1,2.0,3.0,5.0,57546.0,False,1.0,CV_HH_POV_RATIO<=200pct,1.76,100.0,,,,,731.0,43842.0,61.76,,,1,98535
nlsy97_1997cohort,2001,5894,20,18-24,0.0,2,2.0,3.0,3.0,65379.0,False,0.0,CV_HH_POV_RATIO<=200pct,3.14,100.0,,,,275043.0,18267.0,2630.0,15.95,,,1,233294
nlsy97_1997cohort,2001,6005,20,18-24,1.0,4,2.0,3.0,3.0,429556.0,False,0.0,CV_HH_POV_RATIO<=200pct,17.2,100.0,,,,28105.0,1754.0,14614.0,66.14,0.985,,1,265484
nlsy97_1997cohort,2000,6027,20,18-24,1.0,4,1.0,3.0,3.0,420285.0,False,0.0,CV_HH_POV_RATIO<=200pct,16.89,100.0,,,,320795.0,19729.0,0.0,92.22,1.731,,1,329110
nlsy97_1997cohort,2004,6066,20,18-24,0.0,4,2.0,3.0,3.0,592688.0,False,0.0,CV_HH_POV_RATIO<=200pct,26.27,0.0,,,,,0.0,0.0,,,,1,286811
nlsy97_1997cohort,2004,6108,20,18-24,0.0,4,2.0,3.0,5.0,592688.0,False,0.0,CV_HH_POV_RATIO<=200pct,26.27,0.0,,,,,0.0,0.0,91.62,0.286,,1,294190
nlsy97_1997cohort,2001,6178,20,18-24,1.0,4,,,,,False,,CV_HH_POV_RATIO<=200pct,,,,,,,2557.0,71608.0,38.7,0.546,,1,284172
nlsy97_1997cohort,2000,6188,20,18-24,1.0,4,2.0,3.0,4.0,203320.0,False,0.0,CV_HH_POV_RATIO<=200pct,7.49,100.0,,,,,380.0,142339.0,76.98,0.723,,1,314483
nlsy97_1997cohort,2003,6202,20,18-24,1.0,4,2.0,3.0,2.0,50640.0,False,0.0,CV_HH_POV_RATIO<=200pct,2.92,100.0,,,,,438.0,46326.0,57.24,0.2,,1,279762
nlsy97_1997cohort,2003,6226,20,18-24,1.0,4,2.0,3.0,6.0,370733.0,False,0.0,CV_HH_POV_RATIO<=200pct,14.2,100.0,,,,21580.0,731.0,18998.0,58.44,1.046,,1,270278
nlsy97_1997cohort,2003,6233,20,18-24,1.0,4,2.0,3.0,4.0,115091.0,False,0.0,CV_HH_POV_RATIO<=200pct,4.31,0.0,,,,6474.0,0.0,40919.0,12.04,,,1,275476
nlsy97_1997cohort,2004,6249,20,18-24,1.0,4,2.0,3.0,1.0,11323.0,False,1.0,CV_HH_POV_RATIO<=200pct,0.84,100.0,,,,,269260.0,0.0,99.56,0.434,,1,310591
nlsy97_1997cohort,2001,6258,20,18-24,1.0,4,2.0,4.0,3.0,115728.0,False,0.0,CV_HH_POV_RATIO<=200pct,5.72,100.0,,,,375743.0,1461.0,1461.0,64.19,1.148,,1,283081
nlsy97_1997cohort,2003,6271,20,18-24,1.0,4,2.0,4.0,4.0,270104.0,False,0.0,CV_HH_POV_RATIO<=200pct,10.12,100.0,,,,253920.0,731.0,10230.0,63.15,,,1,301294
nlsy97_1997cohort,2003,6289,20,18-24,1.0,4,1.0,2.0,5.0,370733.0,False,0.0,CV_HH_POV_RATIO<=200pct,14.2,100.0,,,,30305.0,7307.0,6481.0,,,,1,270278
nlsy97_1997cohort,2001,6324,20,18-24,0.0,4,2.0,4.0,4.0,429556.0,False,0.0,CV_HH_POV_RATIO<=200pct,17.2,0.0,,,,30059.0,25574.0,0.0,78.51,0.748,,1,270650
nlsy97_1997cohort,2000,6328,20,18-24,1.0,4,2.0,4.0,4.0,420285.0,False,0.0,CV_HH_POV_RATIO<=200pct,16.89,100.0,,,,,,0.0,,,,1,325084
nlsy97_1997cohort,2003,6343,20,18-24,0.0,4,1.0,1.0,4.0,,False,,CV_HH_POV_RATIO<=200pct,,100.0,,,,,5407.0,51148.0,,,,1,264333
nlsy97_1997cohort,2000,6354,20,18-24,0.0,4,2.0,1.0,3.0,420285.0,False,0.0,CV_HH_POV_RATIO<=200pct,16.89,0.0,,,,3884.0,0.0,0.0,97.54,2.004,,1,310475
nlsy97_1997cohort,2003,6371,20,18-24,0.0,4,1.0,4.0,3.0,370733.0,False,0.0,CV_HH_POV_RATIO<=200pct,14.2,0.0,,,,64739.0,0.0,0.0,,,,1,250421
nlsy97_1997cohort,2002,6402,20,18-24,0.0,4,,,,,False,,CV_HH_POV_RATIO<=200pct,,,,,,,4384.0,51148.0,27.84,,,1,273066
nlsy97_1997cohort,2004,6406,20,18-24,0.0,4,2.0,4.0,4.0,,False,,CV_HH_POV_RATIO<=200pct,,100.0,,,,,205.0,45033.0,66.06,,,1,281400
nlsy97_1997cohort,2004,6417,20,18-24,0.0,4,2.0,4.0,1.0,592688.0,False,0.0,CV_HH_POV_RATIO<=200pct,26.27,100.0,,,,,5115.0,7307.0,,,,1,301990
nlsy97_1997cohort,2004,6445,20,18-24,0.0,4,2.0,4.0,4.0,17582.0,False,1.0,CV_HH_POV_RATIO<=200pct,0.66,100.0,,,,,731.0,65762.0,8.52,,,1,304849
nlsy97_1997cohort,2001,6466,20,18-24,0.0,4,1.0,4.0,3.0,37574.0,False,1.0,CV_HH_POV_RATIO<=200pct,1.8,100.0,,,,285564.0,0.0,21921.0,6.18,,,1,261824
nlsy97_1997cohort,2003,6467,20,18-24,1.0,4,1.0,4.0,3.0,75097.0,False,0.0,CV_HH_POV_RATIO<=200pct,3.6,0.0,,,,,0.0,46764.0,43.74,,,1,270278
nlsy97_1997cohort,2004,6482,20,18-24,1.0,4,1.0,4.0,5.0,154724.0,False,0.0,CV_HH_POV_RATIO<=200pct,4.81,100.0,,,,,223592.0,23017.0,3.38,,,1,288493
nlsy97_1997cohort,2001,6484,20,18-24,1.0,4,2.0,4.0,4.0,429556.0,False,0.0,CV_HH_POV_RATIO<=200pct,17.2,100.0,,,,29759.0,438.0,10230.0,83.54,0.608,,1,253941
nlsy97_1997cohort,2000,6513,20,18-24,1.0,4,2.0,4.0,6.0,116636.0,False,0.0,CV_HH_POV_RATIO<=200pct,3.2,0.0,,,,388373.0,0.0,0.0,81.52,1.535,,1,331482
nlsy97_1997cohort,2001,6524,20,18-24,1.0,4,2.0,4.0,2.0,21943.0,False,1.0,CV_HH_POV_RATIO<=200pct,1.27,,,,,,97620.0,1754.0,69.49,0.713,,1,292271
nlsy97_1997cohort,2002,6537,20,18-24,0.0,2,2.0,4.0,3.0,391563.0,False,0.0,CV_HH_POV_RATIO<=200pct,15.21,100.0,,,,17902.0,5480.0,0.0,28.17,,,1,247563
nlsy97_1997cohort,2000,6565,20,18-24,0.0,4,2.0,4.0,2.0,76432.0,False,0.0,CV_HH_POV_RATIO<=200pct,4.41,100.0,,,,,1754.0,45303.0,94.34,1.913,,1,312038
nlsy97_1997cohort,2004,6596,20,18-24,0.0,2,2.0,4.0,3.0,23912.0,False,1.0,CV_HH_POV_RATIO<=200pct,1.18,,,,,,8038.0,61378.0,7.39,,,0,96985
nlsy97_1997cohort,2003,6603,20,18-24,1.0,2,2.0,4.0,5.0,104301.0,False,0.0,CV_HH_POV_RATIO<=200pct,3.24,100.0,,,,435835.0,658.0,0.0,,,,0,102081
nlsy97_1997cohort,2002,6632,20,18-24,1.0,2,2.0,4.0,6.0,121295.0,False,0.0,CV_HH_POV_RATIO<=200pct,3.28,0.0,,,,,0.0,43842.0,11.35,,,0,96060
nlsy97_1997cohort,2001,6637,20,18-24,0.0,2,,,,,False,,CV_HH_POV_RATIO<=200pct,,,,,,,1315.0,41649.0,,,,0,104427
nlsy97_1997cohort,2000,6714,20,18-24,1.0,2,2.0,4.0,3.0,46605.0,False,0.0,CV_HH_POV_RATIO<=200pct,2.24,100.0,,,,28740.0,2923.0,52610.0,,,,0,104066
nlsy97_1997cohort,2002,6737,20,18-24,1.0,2,2.0,4.0,5.0,391563.0,False,0.0,CV_HH_POV_RATIO<=200pct,15.21,100.0,,,,34343.0,11691.0,2923.0,,,,0,116783
nlsy97_1997cohort,2003,6739,20,18-24,0.0,2,2.0,4.0,8.0,158250.0,False,0.0,CV_HH_POV_RATIO<=200pct,3.49,100.0,,,,,,40626.0,,,,0,122570
nlsy97_1997cohort,2000,6752,20,18-24,1.0,2,2.0,4.0,2.0,52819.0,False,0.0,CV_HH_POV_RATIO<=200pct,3.05,100.0,,,,30371.0,2923.0,65762.0,62.38,0.367,,0,122530
nlsy97_1997cohort,2000,6764,20,18-24,0.0,2,2.0,4.0,3.0,71460.0,False,0.0,CV_HH_POV_RATIO<=200pct,3.43,100.0,,,,9321.0,731.0,46764.0,,,,0,109091
nlsy97_1997cohort,2003,6770,20,18-24,0.0,2,2.0,4.0,5.0,61861.0,False,1.0,CV_HH_POV_RATIO<=200pct,1.89,0.0,,,,462810.0,0.0,1169.0,56.01,0.16,,0,94960
nlsy97_1997cohort,2004,6784,20,18-24,0.0,2,2.0,4.0,6.0,115340.0,False,0.0,CV_HH_POV_RATIO<=200pct,3.23,100.0,,,,,2630.0,40919.0,7.66,,,0,91071
nlsy97_1997cohort,2001,6828,20,18-24,0.0,2,2.0,4.0,2.0,68385.0,False,0.0,CV_HH_POV_RATIO<=200pct,3.95,100.0,,,,,2923.0,39457.0,75.9,0.756,,0,121729
nlsy97_1997cohort,2003,6834,20,18-24,1.0,1,,,,,False,,CV_HH_POV_RATIO<=200pct,,,,,,,22651.0,45303.0,,,,0,105106
nlsy97_1997cohort,2001,6857,20,18-24,1.0,2,1.0,3.0,4.0,,False,,CV_HH_POV_RATIO<=200pct,,0.0,,,,269031.0,0.0,4384.0,59.54,0.897,,0,83897
nlsy97_1997cohort,2003,6913,20,18-24,1.0,2,2.0,2.0,5.0,146741.0,False,0.0,CV_HH_POV_RATIO<=200pct,4.49,100.0,,,,367861.0,8768.0,438.0,16.98,,,0,97112
nlsy97_1997cohort,2000,6921,20,18-24,1.0,1,2.0,2.0,5.0,40391.0,False,1.0,CV_HH_POV_RATIO<=200pct,1.24,0.0,,,,27186.0,0.0,39457.0,6.9,,,0,87870
nlsy97_1997cohort,2003,6924,20,18-24,1.0,1,2.0,2.0,4.0,151057.0,False,0.0,CV_HH_POV_RATIO<=200pct,5.66,0.0,,,,359661.0,0.0,0.0,23.36,,,0,98488
nlsy97_1997cohort,2000,6949,20,18-24,1.0,1,2.0,2.0,4.0,270307.0,False,0.0,CV_HH_POV_RATIO<=200pct,10.13,0.0,,,,402510.0,0.0,1315.0,,,,0,89156
nlsy97_1997cohort,2004,6972,20,18-24,1.0,2,,,,,False,,CV_HH_POV_RATIO<=200pct,,,,,,,0.0,51148.0,,,,0,87957
nlsy97_1997cohort,2001,6979,20,18-24,0.0,1,1.0,1.0,2.0,37574.0,False,0.0,CV_HH_POV_RATIO<=200pct,2.17,0.0,,,,263019.0,0.0,0.0,,,,0,91391
nlsy97_1997cohort,2003,7005,20,18-24,0.0,1,2.0,1.0,5.0,,False,,CV_HH_POV_RATIO<=200pct,,0.0,,,,360380.0,0.0,0.0,,,,0,114949
nlsy97_1997cohort,2002,7052,20,18-24,0.0,1,2.0,1.0,5.0,,False,,CV_HH_POV_RATIO<=200pct,,100.0,,,,90606.0,80376.0,731.0,73.94,1.098,,0,91751
nlsy97_1997cohort,2001,7053,20,18-24,1.0,1,2.0,1.0,4.0,105974.0,False,0.0,CV_HH_POV_RATIO<=200pct,3.91,0.0,,,,555948.0,0.0,4530.0,90.67,1.068,,0,103112
nlsy97_1997cohort,2001,7098,20,18-24,1.0,1,2.0,1.0,5.0,154806.0,False,0.0,CV_HH_POV_RATIO<=200pct,4.89,100.0,,,,408056.0,438.0,5553.0,86.12,0.74,,0,103112
nlsy97_1997cohort,2001,7111,20,18-24,1.0,1,2.0,1.0,7.0,,False,,CV_HH_POV_RATIO<=200pct,,100.0,,,,375160.0,894.0,1461.0,16.85,,,0,103112
nlsy97_1997cohort,2001,7162,20,18-24,1.0,2,2.0,3.0,2.0,68761.0,False,0.0,CV_HH_POV_RATIO<=200pct,3.97,100.0,,,,,,65762.0,33.9,0.264,,0,114573
nlsy97_1997cohort,2003,7163,20,18-24,0.0,2,2.0,3.0,4.0,370733.0,False,0.0,CV_HH_POV_RATIO<=200pct,14.2,100.0,,,,25895.0,8768.0,3653.0,74.94,,,0,121159
nlsy97_1997cohort,2000,7167,20,18-24,0.0,2,1.0,3.0,5.0,146028.0,False,0.0,CV_HH_POV_RATIO<=200pct,4.47,,,,,,90606.0,0.0,11.99,,,0,139188
nlsy97_1997cohort,2000,7180,20,18-24,1.0,1,2.0,3.0,4.0,,False,,CV_HH_POV_RATIO<=200pct,,0.0,,,,271860.0,0.0,0.0,,,,0,97440
nlsy97_1997cohort,2000,7190,20,18-24,0.0,2,,,,,False,,CV_HH_POV_RATIO<=200pct,,,,,,,0.0,58455.0,53.48,1.36,,0,103347
nlsy97_1997cohort,2003,7195,20,18-24,0.0,2,2.0,4.0,2.0,19422.0,False,1.0,CV_HH_POV_RATIO<=200pct,1.12,0.0,,,,,0.0,59858.0,30.3,,,0,89961
nlsy97_1997cohort,2002,7206,20,18-24,0.0,2,2.0,3.0,4.0,52610.0,False,1.0,CV_HH_POV_RATIO<=200pct,1.97,0.0,,,,255742.0,0.0,0.0,96.44,1.64,,0,101362
nlsy97_1997cohort,2002,7210,20,18-24,0.0,2,2.0,3.0,7.0,96451.0,False,0.0,CV_HH_POV_RATIO<=200pct,2.3,100.0,,,,257934.0,2192.0,0.0,41.36,0.004,,0,103666
nlsy97_1997cohort,2000,7225,20,18-24,0.0,2,2.0,3.0,3.0,3884.0,False,1.0,CV_HH_POV_RATIO<=200pct,0.19,100.0,,,,295939.0,731.0,731.0,80.53,1.421,,0,105107
nlsy97_1997cohort,2001,7239,20,18-24,0.0,2,2.0,4.0,3.0,26302.0,False,1.0,CV_HH_POV_RATIO<=200pct,1.26,,,,,,147161.0,292.0,,,,0,110096
nlsy97_1997cohort,2001,7246,20,18-24,0.0,1,2.0,3.0,1.0,7515.0,False,1.0,CV_HH_POV_RATIO<=200pct,0.56,100.0,,,,384008.0,369730.0,0.0,16.45,,,0,97694
nlsy97_1997cohort,2000,7256,20,18-24,0.0,1,,,,,False,,CV_HH_POV_RATIO<=200pct,,,,,,,394574.0,4384.0,,,,0,138945
nlsy97_1997cohort,2001,7257,20,18-24,0.0,1,2.0,3.0,4.0,429556.0,False,0.0,CV_HH_POV_RATIO<=200pct,17.2,0.0,,,,3757.0,0.0,0.0,61.47,0.653,,0,109753
nlsy97_1997cohort,2001,7273,20,18-24,1.0,1,2.0,3.0,3.0,9228.0,False,1.0,CV_HH_POV_RATIO<=200pct,0.44,0.0,,,,375743.0,0.0,0.0,23.72,,,0,103112
nlsy97_1997cohort,2000,7284,20,18-24,1.0,2,2.0,3.0,3.0,96627.0,False,0.0,CV_HH_POV_RATIO<=200pct,4.77,100.0,,,,396141.0,731.0,0.0,,,,0,105419
nlsy97_1997cohort,2004,7294,20,18-24,1.0,1,2.0,3.0,1.0,1055.0,False,1.0,CV_HH_POV_RATIO<=200pct,0.08,100.0,,,,,6.0,54802.0,41.31,,,0,104413
nlsy97_1997cohort,2003,7322,20,18-24,0.0,1,2.0,3.0,4.0,165443.0,False,0.0,CV_HH_POV_RATIO<=200pct,6.2,100.0,,,,252481.0,731.0,0.0,47.37,0.347,,0,100645
nlsy97_1997cohort,2000,7362,20,18-24,0.0,2,2.0,4.0,1.0,0.0,False,1.0,CV_HH_POV_RATIO<=200pct,0.0,100.0,,,,566246.0,438415.0,7307.0,48.75,1.079,,0,113682
nlsy97_1997cohort,2000,7382,20,18-24,1.0,1,2.0,3.0,4.0,,False,,CV_HH_POV_RATIO<=200pct,,0.0,,,,271860.0,0.0,0.0,3.48,,,0,85727
nlsy97_1997cohort,2001,7420,20,18-24,1.0,1,2.0,4.0,2.0,169084.0,False,0.0,CV_HH_POV_RATIO<=200pct,9.76,100.0,,,,794318.0,2923.0,0.0,88.82,1.477,,0,111943
nlsy97_1997cohort,2002,7421,20,18-24,0.0,1,2.0,4.0,3.0,391563.0,False,0.0,CV_HH_POV_RATIO<=200pct,15.21,100.0,,,,3946.0,292.0,0.0,66.14,0.962,,0,99608
nlsy97_1997cohort,2001,7473,20,18-24,0.0,2,1.0,4.0,7.0,30059.0,False,1.0,CV_HH_POV_RATIO<=200pct,0.75,0.0,,,,,0.0,46764.0,32.73,,,0,101941
nlsy97_1997cohort,2002,7511,20,18-24,1.0,2,2.0,4.0,4.0,81107.0,False,0.0,CV_HH_POV_RATIO<=200pct,3.09,100.0,,,,,2923.0,40188.0,86.13,1.124,,0,128043
nlsy97_1997cohort,2004,7517,20,18-24,1.0,2,2.0,4.0,3.0,592688.0,False,0.0,CV_HH_POV_RATIO<=200pct,26.27,100.0,,,,,,1827.0,73.42,0.225,,0,92149
nlsy97_1997cohort,2003,7546,20,18-24,1.0,2,2.0,4.0,6.0,161127.0,False,0.0,CV_HH_POV_RATIO<=200pct,4.35,100.0,,,,10358.0,3653.0,40626.0,51.02,,,0,91170
nlsy97_1997cohort,2002,7574,20,18-24,1.0,2,2.0,4.0,4.0,,False,,CV_HH_POV_RATIO<=200pct,,0.0,,,,344742.0,0.0,41065.0,53.67,0.593,,0,89506
nlsy97_1997cohort,2002,7595,20,18-24,0.0,2,2.0,4.0,3.0,391563.0,False,0.0,CV_HH_POV_RATIO<=200pct,15.21,100.0,,,,4106.0,658.0,205.0,56.09,0.381,,0,132949
nlsy97_1997cohort,2004,7599,20,18-24,0.0,2,2.0,4.0,6.0,88755.0,False,0.0,CV_HH_POV_RATIO<=200pct,2.44,100.0,,,,,731.0,40919.0,6.36,,,0,111940
nlsy97_1997cohort,2001,7621,20,18-24,0.0,2,2.0,4.0,3.0,5411.0,False,1.0,CV_HH_POV_RATIO<=200pct,0.26,100.0,,,,123995.0,138831.0,21921.0,97.4,2.282,,0,203881
nlsy97_1997cohort,2003,7622,20,18-24,1.0,1,2.0,3.0,3.0,370733.0,False,0.0,CV_HH_POV_RATIO<=200pct,14.2,100.0,,,,4316.0,731.0,0.0,67.29,0.17,,0,196976
nlsy97_1997cohort,2004,7655,20,18-24,1.0,1,2.0,3.0,4.0,592688.0,False,0.0,CV_HH_POV_RATIO<=200pct,26.27,100.0,,,,,219.0,0.0,10.67,,,0,107180
nlsy97_1997cohort,2001,7774,20,18-24,1.0,1,2.0,3.0,2.0,24078.0,False,1.0,CV_HH_POV_RATIO<=200pct,1.39,0.0,,,,,0.0,43842.0,,,,0,103112
nlsy97_1997cohort,2000,7806,20,18-24,0.0,1,,,,,False,,CV_HH_POV_RATIO<=200pct,,,,,,,,84030.0,55.24,1.278,,0,118217
nlsy97_1997cohort,2000,7833,20,18-24,0.0,1,1.0,2.0,2.0,58256.0,False,0.0,CV_HH_POV_RATIO<=200pct,3.36,100.0,,,,292832.0,10960.0,0.0,,,,0,115699
nlsy97_1997cohort,2001,7882,20,18-24,0.0,1,1.0,3.0,2.0,2254.0,False,1.0,CV_HH_POV_RATIO<=200pct,0.13,100.0,,,,261892.0,365.0,1461.0,,,,0,100337
nlsy97_1997cohort,2003,7902,20,18-24,0.0,1,2.0,3.0,4.0,35966.0,False,1.0,CV_HH_POV_RATIO<=200pct,1.35,100.0,,,,,731.0,43842.0,8.58,,,0,111167
nlsy97_1997cohort,2001,7921,20,18-24,0.0,1,2.0,3.0,6.0,37574.0,False,1.0,CV_HH_POV_RATIO<=200pct,1.05,100.0,,,,272789.0,731.0,0.0,,,,0,124041
nlsy97_1997cohort,2004,7927,20,18-24,1.0,1,2.0,3.0,2.0,592688.0,False,0.0,CV_HH_POV_RATIO<=200pct,26.27,0.0,,,,,0.0,770.0,40.39,,,0,247110
nlsy97_1997cohort,2003,7930,20,18-24,0.0,1,1.0,3.0,9.0,370733.0,False,0.0,CV_HH_POV_RATIO<=200pct,14.2,0.0,,,,3597.0,0.0,0.0,9.96,,,0,197631
nlsy97_1997cohort,2003,7963,20,18-24,0.0,1,2.0,3.0,3.0,,False,,CV_HH_POV_RATIO<=200pct,,0.0,,,,354913.0,0.0,4823.0,24.2,,,0,129776
nlsy97_1997cohort,2001,7983,20,18-24,0.0,1,2.0,3.0,1.0,429556.0,False,0.0,CV_HH_POV_RATIO<=200pct,17.2,0.0,,,,,,144497.0,3.8,,,0,93023
nlsy97_1997cohort,2004,8033,20,18-24,1.0,1,2.0,3.0,9.0,592688.0,False,0.0,CV_HH_POV_RATIO<=200pct,26.27,,,,,,0.0,0.0,11.84,,,0,110213
nlsy97_1997cohort,2001,8068,20,18-24,1.0,1,,,,,False,,CV_HH_POV_RATIO<=200pct,,,,,,,4676.0,78915.0,42.36,0.241,,0,103112
nlsy97_1997cohort,2003,8153,20,18-24,0.0,1,2.0,1.0,5.0,115523.0,False,0.0,CV_HH_POV_RATIO<=200pct,3.54,100.0,,,,,205.0,48226.0,23.68,,,0,98816
nlsy97_1997cohort,2001,8359,20,18-24,0.0,2,1.0,4.0,1.0,56361.0,False,0.0,CV_HH_POV_RATIO<=200pct,4.19,0.0,,,,,36535.0,49687.0,12.39,,,0,101941
nlsy97_1997cohort,2000,8408,20,18-24,1.0,1,1.0,3.0,5.0,81558.0,False,0.0,CV_HH_POV_RATIO<=200pct,2.58,0.0,,,,,0.0,43842.0,4.74,,,0,87763
nlsy97_1997cohort,2002,8422,20,18-24,1.0,1,2.0,3.0,4.0,18443.0,False,1.0,CV_HH_POV_RATIO<=200pct,0.7,100.0,,,,30031.0,73.0,45303.0,13.93,,,0,99402
nlsy97_1997cohort,2003,8434,20,18-24,0.0,1,1.0,3.0,5.0,218673.0,False,0.0,CV_HH_POV_RATIO<=200pct,6.79,100.0,,,,,0.0,54802.0,27.68,,,0,111749
nlsy97_1997cohort,2004,8498,20,18-24,1.0,2,2.0,3.0,3.0,50989.0,False,0.0,CV_HH_POV_RATIO<=200pct,2.45,100.0,,,,,5553.0,48226.0,83.24,0.221,,0,86882
nlsy97_1997cohort,2003,8512,20,18-24,1.0,1,2.0,3.0,4.0,28776.0,False,1.0,CV_HH_POV_RATIO<=200pct,1.06,100.0,,,,,15.0,94990.0,58.18,0.761,,0,102614
nlsy97_1997cohort,2002,8553,20,18-24,0.0,2,2.0,3.0,5.0,391563.0,False,0.0,CV_HH_POV_RATIO<=200pct,15.21,100.0,,,,,4384.0,8768.0,16.96,,,0,109364
nlsy97_1997cohort,2000,8621,20,18-24,0.0,2,2.0,3.0,2.0,0.0,False,1.0,CV_HH_POV_RATIO<=200pct,0.0,100.0,,,,385420.0,366223.0,7307.0,,,,0,104187
nlsy97_1997cohort,2003,8742,20,18-24,0.0,4,2.0,1.0,4.0,117256.0,False,0.0,CV_HH_POV_RATIO<=200pct,4.39,0.0,,,,,0.0,73069.0,,,,1,267398
nlsy97_1997cohort,2001,8763,20,18-24,0.0,4,2.0,4.0,3.0,45540.0,False,0.0,CV_HH_POV_RATIO<=200pct,2.19,100.0,,,,123394.0,73946.0,14614.0,66.48,0.585,,1,272092
nlsy97_1997cohort,2003,8764,20,18-24,0.0,2,2.0,4.0,3.0,11526.0,False,1.0,CV_HH_POV_RATIO<=200pct,0.55,100.0,,,,223421.0,1169.0,4384.0,95.37,1.265,,0,102196
nlsy97_1997cohort,2003,8769,20,18-24,1.0,1,2.0,1.0,4.0,,False,,CV_HH_POV_RATIO<=200pct,,,,,,,117.0,73069.0,67.14,0.261,,1,101960
nlsy97_1997cohort,2004,8784,20,18-24,1.0,2,,,,,False,,CV_HH_POV_RATIO<=200pct,,,,,,,6284.0,73069.0,61.25,0.071,,0,87412
nlsy97_1997cohort,2003,8806,20,18-24,1.0,2,2.0,4.0,5.0,54668.0,False,1.0,CV_HH_POV_RATIO<=200pct,1.67,100.0,,,,292835.0,219.0,10376.0,35.04,,,0,93329
nlsy97_1997cohort,2001,8847,20,18-24,0.0,4,2.0,3.0,3.0,429556.0,False,0.0,CV_HH_POV_RATIO<=200pct,17.2,0.0,,,,3757.0,731.0,731.0,39.14,0.108,,1,503509
nlsy97_1997cohort,2003,8848,20,18-24,1.0,4,1.0,3.0,5.0,370733.0,False,0.0,CV_HH_POV_RATIO<=200pct,14.2,100.0,,,,,1534.0,18998.0,33.12,,,1,519767
nlsy97_1997cohort,2001,8849,20,18-24,0.0,4,2.0,1.0,5.0,105659.0,False,0.0,CV_HH_POV_RATIO<=200pct,3.34,100.0,,,,,1169.0,45303.0,76.27,1.377,,1,267168
nlsy97_1997cohort,2001,8863,20,18-24,1.0,1,1.0,1.0,4.0,,False,,CV_HH_POV_RATIO<=200pct,,0.0,,,,263019.0,0.0,0.0,41.27,,,0,109178
nlsy97_1997cohort,2003,8892,20,18-24,0.0,2,1.0,2.0,3.0,370733.0,False,0.0,CV_HH_POV_RATIO<=200pct,14.2,0.0,,,,,5115.0,11691.0,15.51,,,1,202431
nlsy97_1997cohort,2002,8896,20,18-24,1.0,2,1.0,2.0,4.0,91336.0,False,0.0,CV_HH_POV_RATIO<=200pct,3.37,100.0,,,,16834.0,28.0,52610.0,45.6,0.044,,0,88689
nlsy97_1997cohort,2003,8901,20,18-24,0.0,4,2.0,3.0,3.0,370733.0,False,0.0,CV_HH_POV_RATIO<=200pct,14.2,100.0,,,,12516.0,292.0,2923.0,28.72,0.163,,1,255331
nlsy97_1997cohort,2003,8902,20,18-24,1.0,4,2.0,3.0,3.0,370733.0,False,0.0,CV_HH_POV_RATIO<=200pct,14.2,100.0,,,,3884.0,292.0,0.0,31.72,,,1,286366
nlsy97_1997cohort,2001,8926,20,18-24,1.0,4,2.0,,5.0,429556.0,False,0.0,CV_HH_POV_RATIO<=200pct,17.2,100.0,,,,16908.0,7672.0,2192.0,74.88,1.347,,1,264824
nlsy97_1997cohort,2004,8943,20,18-24,0.0,1,,,,,False,,CV_HH_POV_RATIO<=200pct,,,,,,,0.0,54802.0,10.5,,,0,107691
nlsy97_1997cohort,2000,8951,20,18-24,1.0,1,,,,,False,,CV_HH_POV_RATIO<=200pct,,,,,,,1315.0,44207.0,28.51,0.058,,1,82186
nlsy97_1997cohort,2000,8965,20,18-24,0.0,4,2.0,3.0,4.0,420285.0,False,0.0,CV_HH_POV_RATIO<=200pct,16.89,0.0,,,,,0.0,21628.0,,,,1,306726
nlsy97_1997cohort,2001,8966,20,18-24,1.0,4,2.0,3.0,3.0,429556.0,False,0.0,CV_HH_POV_RATIO<=200pct,17.2,100.0,,,,34568.0,731.0,14614.0,,,,1,260712
nlsy97_1997cohort,2001,8982,20,18-24,0.0,4,2.0,4.0,4.0,429556.0,False,0.0,CV_HH_POV_RATIO<=200pct,17.2,0.0,,,,3757.0,0.0,0.0,68.44,0.119,,1,293978
nlsy97_1997cohort,2004,8987,20,18-24,1.0,4,2.0,4.0,6.0,9847.0,False,1.0,CV_HH_POV_RATIO<=200pct,0.27,100.0,,,,,438.0,98645.0,73.69,0.299,,1,292720
