source_dataset,survey_year,respondent_id,age,age_band,female,education_level,census_region,household_size,underserved_200fpl,underserved_method,household_income_2020_usd,income_is_banded,financial_knowledge_score,savings_behavior_index,credit_behavior_index,spending_behavior_index,weight
cfpb_nfwbs_2016,2016,13180,,18-24,0.0,3,4,5,0.0,direct_PCTLT200FPL,72788.0,True,75.0,90.48,,77.08,0.9379121198635552
cfpb_nfwbs_2016,2016,7852,,18-24,1.0,3,3,4,1.0,direct_PCTLT200FPL,37742.0,True,58.33,63.17,,65.97,1.29257634075048
cfpb_nfwbs_2016,2016,11221,,18-24,0.0,2,4,5,0.0,direct_PCTLT200FPL,16175.0,True,50.0,11.43,,40.28,1.02519171409611
cfpb_nfwbs_2016,2016,8121,,18-24,1.0,3,3,2,0.0,direct_PCTLT200FPL,37742.0,True,50.0,38.41,,48.61,1.04518051687367
cfpb_nfwbs_2016,2016,11354,,18-24,0.0,3,4,5,1.0,direct_PCTLT200FPL,16175.0,True,66.67,69.84,,61.81,0.639515233996807
cfpb_nfwbs_2016,2016,12639,,18-24,1.0,5,3,2,0.0,direct_PCTLT200FPL,37742.0,True,100.0,95.24,,66.67,0.419506524917905
cfpb_nfwbs_2016,2016,12752,,18-24,1.0,1,2,4,1.0,direct_PCTLT200FPL,16175.0,True,33.33,71.11,,63.89,1.20301965346741
cfpb_nfwbs_2016,2016,7316,,18-24,1.0,3,3,4,0.0,direct_PCTLT200FPL,188711.0,True,41.67,85.71,,86.11,2.83348283675147
cfpb_nfwbs_2016,2016,13637,,18-24,1.0,3,2,3,1.0,direct_PCTLT200FPL,16175.0,True,66.67,31.43,,52.08,0.957562963550647
cfpb_nfwbs_2016,2016,9439,,18-24,0.0,4,1,2,0.0,direct_PCTLT200FPL,134793.0,True,91.67,85.71,,87.5,0.924148617842031
cfpb_nfwbs_2016,2016,13367,,18-24,1.0,2,2,4,0.0,direct_PCTLT200FPL,94355.0,True,41.67,52.06,,47.22,1.54724225368128
cfpb_nfwbs_2016,2016,13953,,18-24,0.0,2,3,2,1.0,direct_PCTLT200FPL,16175.0,True,41.67,9.52,,28.47,2.7203319814782
cfpb_nfwbs_2016,2016,8718,,18-24,1.0,4,2,2,0.0,direct_PCTLT200FPL,94355.0,True,83.33,74.29,,43.75,1.71311472298467
cfpb_nfwbs_2016,2016,11833,,18-24,0.0,3,4,2,0.0,direct_PCTLT200FPL,72788.0,True,75.0,47.62,,56.25,0.9379121198635552
cfpb_nfwbs_2016,2016,8720,,18-24,1.0,1,3,1,1.0,direct_PCTLT200FPL,16175.0,True,83.33,24.76,,54.86,1.0228727340472
cfpb_nfwbs_2016,2016,7857,,18-24,0.0,3,2,1,0.0,direct_PCTLT200FPL,16175.0,True,75.0,32.06,,36.11,0.467820874558452
cfpb_nfwbs_2016,2016,8721,,18-24,0.0,4,2,1,0.0,direct_PCTLT200FPL,26959.0,True,75.0,79.05,,59.72,0.407958533173383
cfpb_nfwbs_2016,2016,13052,,18-24,1.0,2,3,5,0.0,direct_PCTLT200FPL,72788.0,True,91.67,88.89,,81.25,1.34477499431097
cfpb_nfwbs_2016,2016,12421,,18-24,1.0,2,4,5,1.0,direct_PCTLT200FPL,16175.0,True,41.67,100.0,,65.28,0.593063879603539
cfpb_nfwbs_2016,2016,14293,,18-24,1.0,3,4,2,1.0,direct_PCTLT200FPL,188711.0,True,33.33,67.62,,52.78,2.42848636179796
cfpb_nfwbs_2016,2016,8955,,18-24,1.0,3,2,3,0.0,direct_PCTLT200FPL,188711.0,True,58.33,80.95,,70.14,3.74990320757893
cfpb_nfwbs_2016,2016,9443,,18-24,0.0,3,1,2,0.0,direct_PCTLT200FPL,26959.0,True,91.67,67.62,,62.5,1.0052205433625
cfpb_nfwbs_2016,2016,8723,,18-24,1.0,3,2,2,0.0,direct_PCTLT200FPL,72788.0,True,75.0,79.05,,64.58,1.16807222064516
cfpb_nfwbs_2016,2016,10557,,18-24,0.0,4,3,1,0.0,direct_PCTLT200FPL,94355.0,True,83.33,74.6,,75.69,0.91484217551825
cfpb_nfwbs_2016,2016,10558,,18-24,1.0,3,2,5,0.0,direct_PCTLT200FPL,188711.0,True,75.0,56.51,,50.0,2.35407141842184
cfpb_nfwbs_2016,2016,14187,,18-24,1.0,3,3,2,0.0,direct_PCTLT200FPL,59309.0,True,83.33,0.0,,27.78,1.40604028789898
cfpb_nfwbs_2016,2016,8000,,18-24,1.0,3,2,1,0.0,direct_PCTLT200FPL,134793.0,True,75.0,40.63,,47.92,1.63552660547092
cfpb_nfwbs_2016,2016,13640,,18-24,0.0,3,3,3,1.0,direct_PCTLT200FPL,37742.0,True,50.0,11.43,,60.42,1.03494007511357
cfpb_nfwbs_2016,2016,13573,,18-24,0.0,3,2,3,1.0,direct_PCTLT200FPL,16175.0,True,41.67,88.89,,72.22,0.681337266198548
cfpb_nfwbs_2016,2016,14029,,18-24,1.0,3,1,3,0.0,direct_PCTLT200FPL,134793.0,True,66.67,46.67,,62.5,1.62683014134614
cfpb_nfwbs_2016,2016,13831,,18-24,1.0,3,1,4,0.0,direct_PCTLT200FPL,188711.0,True,75.0,95.24,,72.22,2.83122951852683
cfpb_nfwbs_2016,2016,13188,,18-24,0.0,4,4,1,0.0,direct_PCTLT200FPL,26959.0,True,91.67,71.11,,60.42,0.670376629531644
cfpb_nfwbs_2016,2016,12520,,18-24,0.0,2,2,3,1.0,direct_PCTLT200FPL,16175.0,True,83.33,0.0,,10.42,1.62844557614607
cfpb_nfwbs_2016,2016,11621,,18-24,0.0,3,2,2,0.0,direct_PCTLT200FPL,59309.0,True,41.67,22.86,,59.03,0.909188568757773
cfpb_nfwbs_2016,2016,13267,,18-24,1.0,2,4,5,1.0,direct_PCTLT200FPL,37742.0,True,75.0,13.33,,47.22,0.617369116628952
cfpb_nfwbs_2016,2016,10560,,18-24,0.0,1,2,5,1.0,direct_PCTLT200FPL,16175.0,True,33.33,24.44,,36.11,3.07880051962287
cfpb_nfwbs_2016,2016,13758,,18-24,0.0,5,2,2,0.0,direct_PCTLT200FPL,134793.0,True,50.0,79.05,,77.78,0.467894250142085
cfpb_nfwbs_2016,2016,12922,,18-24,0.0,3,1,5,0.0,direct_PCTLT200FPL,94355.0,True,66.67,40.63,,72.22,1.5142775349164
cfpb_nfwbs_2016,2016,13390,,18-24,1.0,3,3,2,0.0,direct_PCTLT200FPL,188711.0,True,33.33,61.27,,44.44,2.34350385204448
cfpb_nfwbs_2016,2016,9924,,18-24,1.0,3,2,2,0.0,direct_PCTLT200FPL,59309.0,True,58.33,32.06,,56.25,1.16807222064516
cfpb_nfwbs_2016,2016,14381,,18-24,1.0,2,1,4,0.0,direct_PCTLT200FPL,72788.0,True,58.33,45.4,,38.19,1.34367812540406
cfpb_nfwbs_2016,2016,14194,,18-24,0.0,4,4,2,0.0,direct_PCTLT200FPL,72788.0,True,91.67,60.95,,63.19,0.566150255806276
cfpb_nfwbs_2016,2016,13660,,18-24,1.0,3,2,4,1.0,direct_PCTLT200FPL,26959.0,True,50.0,24.76,,67.36,0.601127943590114
cfpb_nfwbs_2016,2016,9695,,18-24,1.0,2,4,2,0.0,direct_PCTLT200FPL,59309.0,True,41.67,31.43,,68.75,1.18558227664729
cfpb_nfwbs_2016,2016,7394,,18-24,1.0,5,1,3,0.0,direct_PCTLT200FPL,134793.0,True,58.33,74.29,,76.39,0.812073649889526
cfpb_nfwbs_2016,2016,10136,,18-24,0.0,3,3,5,1.0,direct_PCTLT200FPL,59309.0,True,66.67,58.73,,59.72,1.7932467710554
cfpb_nfwbs_2016,2016,11094,,18-24,1.0,3,1,5,0.0,direct_PCTLT200FPL,37742.0,True,75.0,11.43,,62.5,0.752638961180817
cfpb_nfwbs_2016,2016,9199,,18-24,0.0,1,4,3,0.0,direct_PCTLT200FPL,94355.0,True,83.33,45.4,,45.83,4.85454518923139
cfpb_nfwbs_2016,2016,8130,,18-24,0.0,3,2,4,1.0,direct_PCTLT200FPL,48526.0,True,83.33,40.63,,47.22,0.835793633936699
cfpb_nfwbs_2016,2016,7864,,18-24,1.0,4,4,4,0.0,direct_PCTLT200FPL,188711.0,True,66.67,33.97,,63.89,1.76604652399257
cfpb_nfwbs_2016,2016,11233,,18-24,0.0,3,3,3,0.0,direct_PCTLT200FPL,134793.0,True,75.0,80.95,,64.58,1.26718916911805
cfpb_nfwbs_2016,2016,8733,,18-24,0.0,2,3,2,1.0,direct_PCTLT200FPL,16175.0,True,33.33,69.52,,76.39,1.19622835520067
cfpb_nfwbs_2016,2016,7396,,18-24,1.0,3,2,3,0.0,direct_PCTLT200FPL,134793.0,True,58.33,72.38,,64.58,1.63552660547092
cfpb_nfwbs_2016,2016,7397,,18-24,1.0,2,3,4,0.0,direct_PCTLT200FPL,134793.0,True,33.33,86.67,,38.89,1.88286799611714
cfpb_nfwbs_2016,2016,11099,,18-24,1.0,3,1,3,0.0,direct_PCTLT200FPL,72788.0,True,58.33,82.22,,61.81,1.40479528977462
cfpb_nfwbs_2016,2016,10362,,18-24,1.0,2,4,5,0.0,direct_PCTLT200FPL,59309.0,True,75.0,51.75,,72.92,1.42531218505645
cfpb_nfwbs_2016,2016,8534,,18-24,1.0,4,3,3,0.0,direct_PCTLT200FPL,37742.0,True,75.0,79.05,,55.56,1.24546813642032
cfpb_nfwbs_2016,2016,10364,,18-24,0.0,4,1,5,0.0,direct_PCTLT200FPL,188711.0,True,75.0,65.08,,69.44,1.33011826739428
cfpb_nfwbs_2016,2016,8738,,18-24,1.0,4,4,3,0.0,direct_PCTLT200FPL,188711.0,True,75.0,80.95,,51.39,2.8132126634854
cfpb_nfwbs_2016,2016,11626,,18-24,0.0,3,4,5,0.0,direct_PCTLT200FPL,26959.0,True,91.67,45.08,,53.47,0.482664698350186
cfpb_nfwbs_2016,2016,13251,,18-24,1.0,3,2,3,0.0,direct_PCTLT200FPL,134793.0,True,41.67,58.73,,75.0,1.68240793888125
cfpb_nfwbs_2016,2016,10151,,18-24,1.0,3,4,1,0.0,direct_PCTLT200FPL,48526.0,True,50.0,88.89,,84.38,1.4269558196171
cfpb_nfwbs_2016,2016,7323,,18-24,1.0,2,2,2,0.0,direct_PCTLT200FPL,16175.0,True,16.67,73.33,,42.36,0.47552714055201
cfpb_nfwbs_2016,2016,10374,,18-24,0.0,2,3,5,1.0,direct_PCTLT200FPL,72788.0,True,75.0,65.08,,76.39,2.39124060305604
cfpb_nfwbs_2016,2016,8138,,18-24,1.0,2,1,5,0.0,direct_PCTLT200FPL,94355.0,True,50.0,63.49,,72.22,1.86086623433935
cfpb_nfwbs_2016,2016,10922,,18-24,1.0,2,3,3,0.0,direct_PCTLT200FPL,16175.0,True,33.33,53.97,,58.33,0.691993610515168
cfpb_nfwbs_2016,2016,8540,,18-24,0.0,3,4,2,1.0,direct_PCTLT200FPL,16175.0,True,75.0,50.48,,69.44,0.482664698350186
cfpb_nfwbs_2016,2016,9943,,18-24,0.0,3,3,3,0.0,direct_PCTLT200FPL,59309.0,True,91.67,31.43,,59.72,1.09435206302439
cfpb_nfwbs_2016,2016,9944,,18-24,0.0,2,4,3,0.0,direct_PCTLT200FPL,37742.0,True,83.33,0.0,,68.06,1.83166161439418
cfpb_nfwbs_2016,2016,7872,,18-24,0.0,3,3,4,0.0,direct_PCTLT200FPL,94355.0,True,83.33,93.33,,61.11,2.41411729865828
cfpb_nfwbs_2016,2016,7167,,18-24,1.0,3,1,1,0.0,direct_PCTLT200FPL,94355.0,True,41.67,57.78,,56.25,1.94553733171176
cfpb_nfwbs_2016,2016,11848,,18-24,0.0,3,1,1,1.0,direct_PCTLT200FPL,16175.0,True,58.33,85.71,,71.53,1.40615624300233
cfpb_nfwbs_2016,2016,12565,,18-24,1.0,2,2,4,0.0,direct_PCTLT200FPL,94355.0,True,66.67,71.43,,83.33,1.54724225368128
cfpb_nfwbs_2016,2016,8016,,18-24,0.0,2,3,3,1.0,direct_PCTLT200FPL,37742.0,True,58.33,93.33,,73.61,3.40440536923201
cfpb_nfwbs_2016,2016,8544,,18-24,1.0,1,4,2,1.0,direct_PCTLT200FPL,16175.0,True,58.33,6.67,,37.5,0.852221782826003
cfpb_nfwbs_2016,2016,10778,,18-24,1.0,2,3,5,1.0,direct_PCTLT200FPL,16175.0,True,33.33,53.33,,55.56,1.00773235972176
cfpb_nfwbs_2016,2016,8147,,18-24,0.0,2,4,5,0.0,direct_PCTLT200FPL,26959.0,True,91.67,47.3,,58.33,1.02519171409611
cfpb_nfwbs_2016,2016,8546,,18-24,1.0,2,2,5,1.0,direct_PCTLT200FPL,94355.0,True,33.33,35.56,,40.97,2.25313272334695
cfpb_nfwbs_2016,2016,14285,,18-24,0.0,3,4,2,1.0,direct_PCTLT200FPL,26959.0,True,83.33,36.19,,25.69,0.85202606955017
cfpb_nfwbs_2016,2016,8148,,18-24,0.0,3,3,3,0.0,direct_PCTLT200FPL,16175.0,True,75.0,0.0,,34.72,0.563103225143282
cfpb_nfwbs_2016,2016,10586,,18-24,1.0,3,2,2,0.0,direct_PCTLT200FPL,16175.0,True,33.33,67.62,,53.47,0.601127943590114
cfpb_nfwbs_2016,2016,13570,,18-24,0.0,3,2,5,0.0,direct_PCTLT200FPL,94355.0,True,100.0,90.48,,65.97,1.2591191592278
cfpb_nfwbs_2016,2016,9226,,18-24,0.0,4,2,5,1.0,direct_PCTLT200FPL,26959.0,True,91.67,80.95,,83.33,0.435273945008533
cfpb_nfwbs_2016,2016,13154,,18-24,1.0,2,2,3,1.0,direct_PCTLT200FPL,16175.0,True,58.33,13.33,,49.31,0.86123262336661
cfpb_nfwbs_2016,2016,7327,,18-24,0.0,3,1,3,0.0,direct_PCTLT200FPL,188711.0,True,91.67,79.05,,63.89,2.91986910059698
cfpb_nfwbs_2016,2016,12174,,18-24,1.0,2,3,4,1.0,direct_PCTLT200FPL,59309.0,True,66.67,45.4,,45.14,1.11221128281235
cfpb_nfwbs_2016,2016,9951,,18-24,0.0,3,2,4,0.0,direct_PCTLT200FPL,134793.0,True,83.33,80.95,,75.0,1.27293220885162
cfpb_nfwbs_2016,2016,14004,,18-24,1.0,2,3,5,0.0,direct_PCTLT200FPL,48526.0,True,16.67,68.89,,49.31,1.96935718482191
cfpb_nfwbs_2016,2016,12603,,18-24,1.0,3,2,3,0.0,direct_PCTLT200FPL,134793.0,True,91.67,74.29,,68.06,1.63552660547092
cfpb_nfwbs_2016,2016,13155,,18-24,1.0,3,2,3,0.0,direct_PCTLT200FPL,134793.0,True,83.33,24.76,,40.28,1.63552660547092
cfpb_nfwbs_2016,2016,10592,,18-24,0.0,3,2,2,0.0,direct_PCTLT200FPL,59309.0,True,75.0,56.51,,58.33,0.935249882760383
cfpb_nfwbs_2016,2016,7279,,18-24,0.0,3,4,4,1.0,direct_PCTLT200FPL,72788.0,True,50.0,85.71,,80.56,0.9379121198635552
cfpb_nfwbs_2016,2016,14011,,18-24,0.0,2,3,5,1.0,direct_PCTLT200FPL,16175.0,True,58.33,6.67,,31.25,1.19622835520067
cfpb_nfwbs_2016,2016,8152,,18-24,0.0,3,1,3,0.0,direct_PCTLT200FPL,134793.0,True,66.67,75.56,,42.36,1.53090448427113
cfpb_nfwbs_2016,2016,13803,,18-24,0.0,3,2,5,0.0,direct_PCTLT200FPL,26959.0,True,58.33,72.38,,63.19,0.487048036112357
cfpb_nfwbs_2016,2016,7752,,18-24,0.0,4,3,1,0.0,direct_PCTLT200FPL,48526.0,True,66.67,85.71,,80.56,0.491009308549587
cfpb_nfwbs_2016,2016,7415,,18-24,1.0,4,2,2,0.0,direct_PCTLT200FPL,94355.0,True,75.0,80.95,,68.06,1.17637336370774
cfpb_nfwbs_2016,2016,10394,,18-24,0.0,3,1,4,0.0,direct_PCTLT200FPL,188711.0,True,100.0,100.0,,61.11,2.20359585105929
cfpb_nfwbs_2016,2016,13301,,18-24,1.0,4,2,2,0.0,direct_PCTLT200FPL,188711.0,True,58.33,63.17,,75.69,1.71185004733555
cfpb_nfwbs_2016,2016,12874,,18-24,0.0,2,3,5,0.0,direct_PCTLT200FPL,134793.0,True,66.67,63.17,,59.72,5.18477594585938
cfpb_nfwbs_2016,2016,11253,,18-24,1.0,1,1,4,0.0,direct_PCTLT200FPL,37742.0,True,66.67,66.67,,50.69,1.7749464882043
cfpb_nfwbs_2016,2016,8990,,18-24,0.0,2,3,3,0.0,direct_PCTLT200FPL,16175.0,True,41.67,71.11,,66.67,1.90552440807896
cfpb_nfwbs_2016,2016,13852,,18-24,1.0,2,3,5,0.0,direct_PCTLT200FPL,134793.0,True,58.33,20.95,,34.72,2.99930269015404
cfpb_nfwbs_2016,2016,8155,,18-24,1.0,2,3,3,1.0,direct_PCTLT200FPL,48526.0,True,75.0,38.1,,52.78,0.826776006164513
cfpb_nfwbs_2016,2016,7756,,18-24,1.0,4,3,4,0.0,direct_PCTLT200FPL,134793.0,True,33.33,59.37,,41.67,1.43157930643065
cfpb_nfwbs_2016,2016,13566,,18-24,1.0,3,3,2,0.0,direct_PCTLT200FPL,16175.0,True,41.67,93.33,,82.64,1.08381772211918
cfpb_nfwbs_2016,2016,10398,,18-24,0.0,3,4,3,1.0,direct_PCTLT200FPL,26959.0,True,25.0,47.62,,61.81,1.14254483992293
cfpb_nfwbs_2016,2016,9245,,18-24,0.0,4,1,1,0.0,direct_PCTLT200FPL,72788.0,True,75.0,90.48,,77.08,0.66001887845439
cfpb_nfwbs_2016,2016,7759,,18-24,0.0,3,1,4,0.0,direct_PCTLT200FPL,134793.0,True,91.67,80.95,,77.08,1.53090448427113
cfpb_nfwbs_2016,2016,10950,,18-24,1.0,4,3,3,1.0,direct_PCTLT200FPL,134793.0,True,66.67,85.71,,63.89,2.08467600306094
cfpb_nfwbs_2016,2016,12106,,18-24,1.0,3,3,2,1.0,direct_PCTLT200FPL,72788.0,True,75.0,85.71,,77.78,1.86307541548753
cfpb_nfwbs_2016,2016,8158,,18-24,0.0,4,1,2,0.0,direct_PCTLT200FPL,94355.0,True,91.67,77.78,,70.83,0.914068107356535
cfpb_nfwbs_2016,2016,9248,,18-24,1.0,3,4,2,0.0,direct_PCTLT200FPL,37742.0,True,66.67,86.67,,63.19,1.4269558196171
cfpb_nfwbs_2016,2016,9501,,18-24,0.0,2,4,3,1.0,direct_PCTLT200FPL,59309.0,True,66.67,31.43,,61.81,1.99234452978255
cfpb_nfwbs_2016,2016,8161,,18-24,0.0,2,2,5,0.0,direct_PCTLT200FPL,16175.0,True,41.67,93.33,,75.0,1.44717827582639
cfpb_nfwbs_2016,2016,14065,,18-24,1.0,2,1,3,0.0,direct_PCTLT200FPL,72788.0,True,58.33,51.75,,49.31,1.34367812540406
cfpb_nfwbs_2016,2016,13469,,18-24,0.0,3,1,5,0.0,direct_PCTLT200FPL,48526.0,True,66.67,88.89,,75.0,0.831370618238244
cfpb_nfwbs_2016,2016,11650,,18-24,1.0,3,4,5,0.0,direct_PCTLT200FPL,188711.0,True,66.67,69.84,,74.31,2.42848636179796
cfpb_nfwbs_2016,2016,11131,,18-24,1.0,4,3,5,1.0,direct_PCTLT200FPL,188711.0,True,66.67,56.51,,52.78,2.06053393960051
cfpb_nfwbs_2016,2016,12437,,18-24,0.0,2,3,4,0.0,direct_PCTLT200FPL,134793.0,True,41.67,54.29,,47.92,5.18477594585938
cfpb_nfwbs_2016,2016,14375,,18-24,0.0,3,3,4,0.0,direct_PCTLT200FPL,94355.0,True,50.0,67.62,,36.81,1.51550699282138
cfpb_nfwbs_2016,2016,12371,,18-24,0.0,3,3,3,0.0,direct_PCTLT200FPL,94355.0,True,50.0,77.14,,25.0,2.41411729865828
cfpb_nfwbs_2016,2016,9514,,18-24,0.0,2,3,4,1.0,direct_PCTLT200FPL,26959.0,True,66.67,33.33,,44.44,1.19622835520067
cfpb_nfwbs_2016,2016,14347,,18-24,1.0,4,3,5,0.0,direct_PCTLT200FPL,188711.0,True,50.0,27.3,,45.14,2.06053393960051
cfpb_nfwbs_2016,2016,10206,,18-24,1.0,1,4,3,0.0,direct_PCTLT200FPL,94355.0,True,75.0,63.17,,71.53,2.29352369226937
cfpb_nfwbs_2016,2016,10605,,18-24,0.0,2,2,5,0.0,direct_PCTLT200FPL,72788.0,True,16.67,53.33,,27.78,1.93134782904951
cfpb_nfwbs_2016,2016,14056,,18-24,1.0,3,2,4,0.0,direct_PCTLT200FPL,72788.0,True,75.0,36.19,,65.97,1.16807222064516
cfpb_nfwbs_2016,2016,13903,,18-24,0.0,2,1,3,0.0,direct_PCTLT200FPL,72788.0,True,66.67,77.78,,68.75,3.70003024907633
cfpb_nfwbs_2016,2016,11538,,18-24,1.0,4,2,3,1.0,direct_PCTLT200FPL,134793.0,True,75.0,85.71,,63.89,1.18933354318161
cfpb_nfwbs_2016,2016,8034,,18-24,0.0,4,4,1,0.0,direct_PCTLT200FPL,134793.0,True,16.67,58.57,,46.53,0.655555633452988
cfpb_nfwbs_2016,2016,11266,,18-24,1.0,3,2,3,0.0,direct_PCTLT200FPL,134793.0,True,75.0,79.05,,52.78,1.63552660547092
cfpb_nfwbs_2016,2016,7884,,18-24,0.0,3,4,4,1.0,direct_PCTLT200FPL,16175.0,True,50.0,22.86,,57.64,0.639515233996807
cfpb_nfwbs_2016,2016,10807,,18-24,1.0,3,3,5,0.0,direct_PCTLT200FPL,134793.0,True,50.0,53.33,,64.58,2.60849783850464
cfpb_nfwbs_2016,2016,9984,,18-24,1.0,4,4,5,0.0,direct_PCTLT200FPL,94355.0,True,75.0,67.94,,56.94,1.21360505046559
cfpb_nfwbs_2016,2016,12856,,18-24,1.0,3,4,1,0.0,direct_PCTLT200FPL,48526.0,True,50.0,74.29,,52.08,0.895798031139083
cfpb_nfwbs_2016,2016,9751,,18-24,1.0,2,4,5,0.0,direct_PCTLT200FPL,134793.0,True,50.0,63.17,,68.06,2.57057035824217
cfpb_nfwbs_2016,2016,12534,,18-24,0.0,4,4,2,1.0,direct_PCTLT200FPL,134793.0,True,75.0,85.71,,61.11,1.05033192217981
cfpb_nfwbs_2016,2016,11269,,18-24,1.0,1,3,4,0.0,direct_PCTLT200FPL,16175.0,True,58.33,40.32,,31.94,0.822411576166284
cfpb_nfwbs_2016,2016,9020,,18-24,0.0,1,2,3,0.0,direct_PCTLT200FPL,94355.0,True,66.67,11.43,,11.11,5.85306611956764
cfpb_nfwbs_2016,2016,12252,,18-24,0.0,3,1,3,0.0,direct_PCTLT200FPL,48526.0,True,91.67,74.6,,48.61,0.81279529266664
cfpb_nfwbs_2016,2016,10220,,18-24,0.0,3,3,4,1.0,direct_PCTLT200FPL,16175.0,True,58.33,29.21,,59.03,0.746220546756788
cfpb_nfwbs_2016,2016,12188,,18-24,0.0,1,2,5,0.0,direct_PCTLT200FPL,16175.0,True,75.0,71.11,,29.86,2.11420218901155
cfpb_nfwbs_2016,2016,9988,,18-24,1.0,2,1,1,0.0,direct_PCTLT200FPL,16175.0,True,41.67,26.67,,65.97,0.691478516864794
cfpb_nfwbs_2016,2016,14249,,18-24,1.0,2,1,5,0.0,direct_PCTLT200FPL,94355.0,True,41.67,90.48,,83.33,1.86086623433935
cfpb_nfwbs_2016,2016,11960,,18-24,1.0,3,3,1,0.0,direct_PCTLT200FPL,134793.0,True,91.67,43.17,,51.39,1.96856672399133
cfpb_nfwbs_2016,2016,12254,,18-24,0.0,3,2,2,1.0,direct_PCTLT200FPL,16175.0,True,83.33,6.67,,40.97,0.467820874558452
cfpb_nfwbs_2016,2016,12817,,18-24,1.0,4,3,2,0.0,direct_PCTLT200FPL,134793.0,True,75.0,53.65,,33.33,2.08467600306094
cfpb_nfwbs_2016,2016,8379,,18-24,1.0,3,3,5,0.0,direct_PCTLT200FPL,188711.0,True,58.33,90.48,,79.17,4.12615440152798
cfpb_nfwbs_2016,2016,13459,,18-24,0.0,1,4,3,0.0,direct_PCTLT200FPL,16175.0,True,41.67,46.67,,38.19,3.17615573743959
cfpb_nfwbs_2016,2016,10223,,18-24,0.0,3,3,1,1.0,direct_PCTLT200FPL,16175.0,True,66.67,6.67,,59.03,0.746220546756788
cfpb_nfwbs_2016,2016,12190,,18-24,0.0,3,3,4,0.0,direct_PCTLT200FPL,48526.0,True,66.67,27.3,,45.83,1.00610083250194
cfpb_nfwbs_2016,2016,8385,,18-24,0.0,3,1,2,0.0,direct_PCTLT200FPL,188711.0,True,91.67,83.81,,63.89,3.5102041023184
cfpb_nfwbs_2016,2016,8386,,18-24,1.0,2,1,3,0.0,direct_PCTLT200FPL,37742.0,True,75.0,74.6,,72.92,1.23526168196909
cfpb_nfwbs_2016,2016,8577,,18-24,0.0,2,1,4,0.0,direct_PCTLT200FPL,72788.0,True,83.33,56.51,,40.28,2.32276274199366
cfpb_nfwbs_2016,2016,10971,,18-24,1.0,4,1,4,0.0,direct_PCTLT200FPL,188711.0,True,75.0,58.73,,74.31,2.11780192147473
cfpb_nfwbs_2016,2016,7772,,18-24,0.0,2,2,4,1.0,direct_PCTLT200FPL,134793.0,True,41.67,63.17,,57.64,2.78165068416558
cfpb_nfwbs_2016,2016,13346,,18-24,1.0,3,4,3,0.0,direct_PCTLT200FPL,26959.0,True,83.33,74.6,,86.11,1.69513263971703
cfpb_nfwbs_2016,2016,8807,,18-24,0.0,5,1,5,0.0,direct_PCTLT200FPL,134793.0,True,91.67,74.6,,81.25,0.562736634460862
cfpb_nfwbs_2016,2016,14289,,18-24,0.0,2,1,4,1.0,direct_PCTLT200FPL,59309.0,True,50.0,31.43,,38.89,3.38231093188158
cfpb_nfwbs_2016,2016,9763,,18-24,0.0,4,2,2,0.0,direct_PCTLT200FPL,72788.0,True,83.33,56.19,,56.94,0.453853885289179
cfpb_nfwbs_2016,2016,8046,,18-24,1.0,4,2,2,0.0,direct_PCTLT200FPL,37742.0,True,58.33,45.08,,68.75,0.631413621928311
cfpb_nfwbs_2016,2016,11754,,18-24,0.0,3,3,3,0.0,direct_PCTLT200FPL,188711.0,True,75.0,100.0,,57.64,1.82396727612536
cfpb_nfwbs_2016,2016,8047,,18-24,0.0,3,4,3,0.0,direct_PCTLT200FPL,134793.0,True,83.33,49.52,,18.06,1.31318630888382
cfpb_nfwbs_2016,2016,14236,,18-24,0.0,4,3,2,0.0,direct_PCTLT200FPL,16175.0,True,66.67,80.0,,53.47,0.494991646908164
cfpb_nfwbs_2016,2016,12377,,18-24,1.0,3,3,3,0.0,direct_PCTLT200FPL,72788.0,True,58.33,59.05,,74.31,1.40604028789898
cfpb_nfwbs_2016,2016,8582,,18-24,1.0,4,3,3,0.0,direct_PCTLT200FPL,26959.0,True,58.33,74.29,,57.64,0.928817691689706
cfpb_nfwbs_2016,2016,12257,,18-24,1.0,3,3,1,1.0,direct_PCTLT200FPL,37742.0,True,50.0,6.67,,20.83,1.56558855485104
cfpb_nfwbs_2016,2016,8810,,18-24,1.0,4,2,4,0.0,direct_PCTLT200FPL,94355.0,True,75.0,85.71,,72.92,1.17637336370774
cfpb_nfwbs_2016,2016,9277,,18-24,0.0,4,1,2,0.0,direct_PCTLT200FPL,94355.0,True,83.33,85.71,,66.67,1.45605902221087
cfpb_nfwbs_2016,2016,12123,,18-24,0.0,4,4,2,1.0,direct_PCTLT200FPL,16175.0,True,83.33,40.32,,56.94,0.386006614226412
cfpb_nfwbs_2016,2016,8048,,18-24,1.0,4,1,4,0.0,direct_PCTLT200FPL,37742.0,True,58.33,74.29,,68.06,0.939233023545359
cfpb_nfwbs_2016,2016,11876,,18-24,0.0,3,4,4,1.0,direct_PCTLT200FPL,37742.0,True,50.0,53.97,,73.61,1.14254483992293
cfpb_nfwbs_2016,2016,11663,,18-24,0.0,3,3,1,1.0,direct_PCTLT200FPL,26959.0,True,66.67,85.71,,72.22,0.813526489788127
cfpb_nfwbs_2016,2016,7286,,18-24,0.0,4,3,1,0.0,direct_PCTLT200FPL,72788.0,True,75.0,85.71,,86.11,0.660503625024
cfpb_nfwbs_2016,2016,11761,,18-24,0.0,3,4,2,0.0,direct_PCTLT200FPL,37742.0,True,75.0,63.17,,54.86,0.697205553669911
cfpb_nfwbs_2016,2016,8593,,18-24,0.0,3,4,5,0.0,direct_PCTLT200FPL,134793.0,True,91.67,0.0,,8.33,1.74004707442877
cfpb_nfwbs_2016,2016,11664,,18-24,0.0,1,4,5,1.0,direct_PCTLT200FPL,48526.0,True,91.67,9.52,,13.89,5.31120828519242
cfpb_nfwbs_2016,2016,11555,,18-24,0.0,3,3,1,1.0,direct_PCTLT200FPL,16175.0,True,83.33,80.95,,54.86,0.579244222149428
cfpb_nfwbs_2016,2016,10978,,18-24,0.0,3,3,5,1.0,direct_PCTLT200FPL,16175.0,True,8.33,63.17,,68.75,0.746220546756788
cfpb_nfwbs_2016,2016,13302,,18-24,0.0,3,4,3,1.0,direct_PCTLT200FPL,37742.0,True,33.33,62.86,,72.92,0.862258705845904
cfpb_nfwbs_2016,2016,8817,,18-24,1.0,4,3,4,0.0,direct_PCTLT200FPL,134793.0,True,66.67,62.86,,54.86,2.28042522035579
cfpb_nfwbs_2016,2016,8818,,18-24,1.0,3,2,3,1.0,direct_PCTLT200FPL,16175.0,True,41.67,24.76,,59.72,0.875270037099789
cfpb_nfwbs_2016,2016,7288,,18-24,0.0,2,2,5,0.0,direct_PCTLT200FPL,48526.0,True,50.0,90.48,,61.11,2.58556329290303
cfpb_nfwbs_2016,2016,9288,,18-24,0.0,4,1,5,0.0,direct_PCTLT200FPL,134793.0,True,83.33,61.27,,56.94,0.924148617842031
cfpb_nfwbs_2016,2016,8052,,18-24,1.0,4,2,2,0.0,direct_PCTLT200FPL,94355.0,True,50.0,58.41,,72.22,1.17637336370774
cfpb_nfwbs_2016,2016,9050,,18-24,0.0,4,2,1,0.0,direct_PCTLT200FPL,188711.0,True,16.67,100.0,,58.33,1.10601209334068
cfpb_nfwbs_2016,2016,7779,,18-24,0.0,3,4,2,0.0,direct_PCTLT200FPL,94355.0,True,50.0,56.19,,54.17,1.29889386838628
cfpb_nfwbs_2016,2016,10445,,18-24,0.0,3,3,4,1.0,direct_PCTLT200FPL,16175.0,True,58.33,34.29,,63.89,0.746220546756788
cfpb_nfwbs_2016,2016,8408,,18-24,1.0,2,2,4,0.0,direct_PCTLT200FPL,48526.0,True,66.67,31.11,,40.28,1.02711727266038
cfpb_nfwbs_2016,2016,12541,,18-24,1.0,3,1,3,0.0,direct_PCTLT200FPL,59309.0,True,75.0,56.51,,49.31,1.16189349190144
cfpb_nfwbs_2016,2016,9053,,18-24,1.0,4,1,3,0.0,direct_PCTLT200FPL,48526.0,True,75.0,63.17,,66.67,1.20979953050173
cfpb_nfwbs_2016,2016,12383,,18-24,0.0,3,1,2,0.0,direct_PCTLT200FPL,16175.0,True,50.0,11.43,,35.42,0.896262679327249
cfpb_nfwbs_2016,2016,12995,,18-24,0.0,3,2,3,0.0,direct_PCTLT200FPL,134793.0,True,83.33,80.95,,68.75,1.27293220885162
cfpb_nfwbs_2016,2016,10638,,18-24,0.0,3,1,3,0.0,direct_PCTLT200FPL,16175.0,True,75.0,67.94,,63.89,0.562645551100681
cfpb_nfwbs_2016,2016,9550,,18-24,0.0,3,2,4,0.0,direct_PCTLT200FPL,59309.0,True,83.33,80.95,,68.06,0.909188568757773
cfpb_nfwbs_2016,2016,10009,,18-24,1.0,3,1,4,0.0,direct_PCTLT200FPL,48526.0,True,75.0,0.0,,59.03,1.71131193729762
cfpb_nfwbs_2016,2016,10642,,18-24,0.0,3,4,4,0.0,direct_PCTLT200FPL,94355.0,True,83.33,67.62,,52.08,1.33612583777446
cfpb_nfwbs_2016,2016,12449,,18-24,1.0,2,2,5,0.0,direct_PCTLT200FPL,59309.0,True,75.0,11.43,,49.31,1.38169501722846
cfpb_nfwbs_2016,2016,9056,,18-24,1.0,3,1,2,0.0,direct_PCTLT200FPL,26959.0,True,75.0,62.22,,40.97,1.29156617180407
cfpb_nfwbs_2016,2016,9795,,18-24,1.0,3,4,3,0.0,direct_PCTLT200FPL,16175.0,True,58.33,74.6,,77.78,0.620041731166083
cfpb_nfwbs_2016,2016,7341,,18-24,1.0,2,2,5,0.0,direct_PCTLT200FPL,94355.0,True,66.67,18.1,,46.53,1.54724225368128
cfpb_nfwbs_2016,2016,10013,,18-24,0.0,2,3,4,0.0,direct_PCTLT200FPL,134793.0,True,83.33,69.84,,68.75,3.25483944236226
cfpb_nfwbs_2016,2016,12201,,18-24,1.0,2,3,3,0.0,direct_PCTLT200FPL,37742.0,True,66.67,42.54,,58.33,1.02248989488802
cfpb_nfwbs_2016,2016,10247,,18-24,0.0,3,3,1,0.0,direct_PCTLT200FPL,26959.0,True,41.67,31.11,,54.17,0.799318311256295
cfpb_nfwbs_2016,2016,11770,,18-24,0.0,4,3,3,1.0,direct_PCTLT200FPL,94355.0,True,66.67,79.37,,66.67,0.91484217551825
cfpb_nfwbs_2016,2016,8829,,18-24,1.0,2,2,3,0.0,direct_PCTLT200FPL,94355.0,True,58.33,47.62,,64.58,1.59159297210968
cfpb_nfwbs_2016,2016,14264,,18-24,0.0,3,3,2,0.0,direct_PCTLT200FPL,26959.0,True,75.0,45.4,,31.94,0.966438260213091
cfpb_nfwbs_2016,2016,8613,,18-24,1.0,2,3,4,1.0,direct_PCTLT200FPL,72788.0,True,58.33,72.38,,49.31,1.78188862647257
cfpb_nfwbs_2016,2016,13238,,18-24,1.0,3,3,3,0.0,direct_PCTLT200FPL,59309.0,True,66.67,47.3,,63.89,1.40604028789898
cfpb_nfwbs_2016,2016,7916,,18-24,0.0,3,2,3,0.0,direct_PCTLT200FPL,134793.0,True,91.67,74.29,,66.67,1.27293220885162
cfpb_nfwbs_2016,2016,9306,,18-24,0.0,3,4,4,1.0,direct_PCTLT200FPL,37742.0,True,33.33,93.33,,49.31,1.14254483992293
cfpb_nfwbs_2016,2016,9561,,18-24,0.0,3,3,5,0.0,direct_PCTLT200FPL,26959.0,True,41.67,60.95,,47.22,0.933890323100247
cfpb_nfwbs_2016,2016,7291,,18-24,0.0,3,3,4,0.0,direct_PCTLT200FPL,188711.0,True,100.0,79.05,,48.61,3.51306229962747
cfpb_nfwbs_2016,2016,9308,,18-24,0.0,3,2,3,0.0,direct_PCTLT200FPL,188711.0,True,75.0,85.71,,69.44,1.88479646728293
cfpb_nfwbs_2016,2016,8213,,18-24,0.0,3,4,4,0.0,direct_PCTLT200FPL,48526.0,True,50.0,100.0,,58.33,1.14254483992293
cfpb_nfwbs_2016,2016,12203,,18-24,1.0,4,4,4,0.0,direct_PCTLT200FPL,188711.0,True,66.67,67.94,,70.14,1.46062467816785
cfpb_nfwbs_2016,2016,9073,,18-24,1.0,3,4,1,0.0,direct_PCTLT200FPL,16175.0,True,75.0,40.95,,63.89,0.512796090871735
cfpb_nfwbs_2016,2016,7791,,18-24,1.0,4,2,4,0.0,direct_PCTLT200FPL,188711.0,True,66.67,80.95,,66.67,1.71185004733555
cfpb_nfwbs_2016,2016,13786,,18-24,1.0,3,3,3,1.0,direct_PCTLT200FPL,16175.0,True,58.33,100.0,,91.67,0.744192533870604
cfpb_nfwbs_2016,2016,7792,,18-24,0.0,2,2,3,1.0,direct_PCTLT200FPL,37742.0,True,83.33,67.62,,45.14,1.82645840637034
cfpb_nfwbs_2016,2016,10993,,18-24,0.0,2,4,3,0.0,direct_PCTLT200FPL,94355.0,True,50.0,35.87,,69.44,4.39522512394207
cfpb_nfwbs_2016,2016,7462,,18-24,0.0,3,1,1,0.0,direct_PCTLT200FPL,26959.0,True,58.33,86.67,,41.67,0.965637775607789
cfpb_nfwbs_2016,2016,11291,,18-24,0.0,4,4,1,0.0,direct_PCTLT200FPL,48526.0,True,75.0,83.81,,72.92,0.420841385977346
cfpb_nfwbs_2016,2016,8840,,18-24,1.0,4,2,1,0.0,direct_PCTLT200FPL,16175.0,True,83.33,93.33,,63.19,0.671348848732595
cfpb_nfwbs_2016,2016,9315,,18-24,0.0,4,4,3,1.0,direct_PCTLT200FPL,188711.0,True,91.67,60.95,,62.5,0.943609471048624
cfpb_nfwbs_2016,2016,7247,,18-24,1.0,3,3,4,1.0,direct_PCTLT200FPL,94355.0,True,50.0,37.14,,77.08,1.94716446303782
cfpb_nfwbs_2016,2016,9075,,18-24,1.0,2,1,5,0.0,direct_PCTLT200FPL,72788.0,True,83.33,72.38,,58.33,1.34367812540406
cfpb_nfwbs_2016,2016,12656,,18-24,1.0,3,3,5,1.0,direct_PCTLT200FPL,134793.0,True,83.33,40.0,,34.72,2.02499444128998
cfpb_nfwbs_2016,2016,13286,,18-24,0.0,4,4,2,0.0,direct_PCTLT200FPL,59309.0,True,58.33,38.1,,42.36,0.824419922812385
cfpb_nfwbs_2016,2016,7153,,18-24,0.0,4,1,3,0.0,direct_PCTLT200FPL,134793.0,True,25.0,86.67,,47.22,0.924148617842031
cfpb_nfwbs_2016,2016,9079,,18-24,0.0,3,2,4,0.0,direct_PCTLT200FPL,134793.0,True,91.67,79.05,,39.58,1.27293220885162
cfpb_nfwbs_2016,2016,13783,,18-24,1.0,3,4,5,1.0,direct_PCTLT200FPL,26959.0,True,25.0,40.63,,47.22,0.855364735254584
cfpb_nfwbs_2016,2016,8843,,18-24,1.0,3,2,3,0.0,direct_PCTLT200FPL,59309.0,True,75.0,22.86,,34.03,1.2015542704267
cfpb_nfwbs_2016,2016,13631,,18-24,0.0,4,1,4,0.0,direct_PCTLT200FPL,72788.0,True,91.67,77.14,,57.64,0.66001887845439
cfpb_nfwbs_2016,2016,9324,,18-24,0.0,2,3,2,0.0,direct_PCTLT200FPL,48526.0,True,50.0,29.21,,58.33,1.72808644300317
cfpb_nfwbs_2016,2016,13514,,18-24,0.0,3,4,5,1.0,direct_PCTLT200FPL,37742.0,True,41.67,79.05,,70.83,0.415509064714806
cfpb_nfwbs_2016,2016,13962,,18-24,0.0,3,1,2,0.0,direct_PCTLT200FPL,26959.0,True,58.33,24.76,,69.44,1.27951301170063
cfpb_nfwbs_2016,2016,13481,,18-24,0.0,2,3,3,0.0,direct_PCTLT200FPL,59309.0,True,58.33,58.73,,63.19,3.38517470236849
cfpb_nfwbs_2016,2016,14161,,18-24,1.0,2,4,2,0.0,direct_PCTLT200FPL,26959.0,True,33.33,24.76,,45.83,1.05954509434181
cfpb_nfwbs_2016,2016,13072,,18-24,1.0,3,4,1,0.0,direct_PCTLT200FPL,26959.0,True,33.33,82.22,,61.81,1.4100853889709
cfpb_nfwbs_2016,2016,14159,,18-24,1.0,4,3,1,0.0,direct_PCTLT200FPL,16175.0,True,91.67,90.48,,49.31,0.90293561465286
cfpb_nfwbs_2016,2016,9581,,18-24,0.0,3,3,4,1.0,direct_PCTLT200FPL,188711.0,True,91.67,72.38,,58.33,2.26860624785942
cfpb_nfwbs_2016,2016,7472,,18-24,0.0,3,2,4,0.0,direct_PCTLT200FPL,59309.0,True,75.0,61.27,,55.56,0.909188568757773
cfpb_nfwbs_2016,2016,14116,,18-24,1.0,2,4,3,1.0,direct_PCTLT200FPL,72788.0,True,16.67,60.0,,54.17,1.52719486474954
cfpb_nfwbs_2016,2016,12391,,18-24,0.0,3,1,3,0.0,direct_PCTLT200FPL,16175.0,True,91.67,40.0,,51.39,0.562645551100681
cfpb_nfwbs_2016,2016,10842,,18-24,0.0,2,2,4,0.0,direct_PCTLT200FPL,134793.0,True,75.0,31.75,,45.83,2.70413827463536
cfpb_nfwbs_2016,2016,7210,,18-24,0.0,3,4,4,0.0,direct_PCTLT200FPL,72788.0,True,41.67,48.25,,41.67,0.9379121198635552
cfpb_nfwbs_2016,2016,8848,,18-24,0.0,2,3,3,1.0,direct_PCTLT200FPL,48526.0,True,50.0,17.78,,40.97,1.7776209454841
cfpb_nfwbs_2016,2016,11165,,18-24,1.0,1,1,3,0.0,direct_PCTLT200FPL,26959.0,True,75.0,62.22,,60.42,2.58477240723362
cfpb_nfwbs_2016,2016,7132,,18-24,1.0,2,4,3,1.0,direct_PCTLT200FPL,134793.0,True,41.67,40.0,,50.0,2.24880176388109
cfpb_nfwbs_2016,2016,7348,,18-24,0.0,3,3,1,0.0,direct_PCTLT200FPL,94355.0,True,41.67,54.29,,27.08,1.51550699282138
cfpb_nfwbs_2016,2016,7927,,18-24,0.0,3,3,5,0.0,direct_PCTLT200FPL,134793.0,True,66.67,74.29,,57.64,1.53219300430304
cfpb_nfwbs_2016,2016,12768,,18-24,1.0,2,4,3,1.0,direct_PCTLT200FPL,16175.0,True,33.33,58.41,,70.83,0.785892620419774
cfpb_nfwbs_2016,2016,14061,,18-24,1.0,4,1,3,0.0,direct_PCTLT200FPL,188711.0,True,91.67,27.62,,48.61,3.27953345602903
cfpb_nfwbs_2016,2016,7485,,18-24,1.0,4,2,2,0.0,direct_PCTLT200FPL,37742.0,True,41.67,80.95,,72.22,0.631413621928311
cfpb_nfwbs_2016,2016,9338,,18-24,1.0,1,1,5,1.0,direct_PCTLT200FPL,94355.0,True,66.67,67.62,,59.03,3.52188028955879
cfpb_nfwbs_2016,2016,7804,,18-24,0.0,4,2,3,0.0,direct_PCTLT200FPL,134793.0,True,75.0,72.38,,63.89,0.768394659393932
cfpb_nfwbs_2016,2016,8233,,18-24,1.0,3,4,4,0.0,direct_PCTLT200FPL,94355.0,True,50.0,85.71,,59.72,1.38021570751627
cfpb_nfwbs_2016,2016,9597,,18-24,1.0,3,2,3,0.0,direct_PCTLT200FPL,48526.0,True,66.67,11.43,,51.39,0.868387282182338
cfpb_nfwbs_2016,2016,14182,,18-24,1.0,1,2,3,0.0,direct_PCTLT200FPL,16175.0,True,58.33,57.78,,34.72,0.826139422382396
cfpb_nfwbs_2016,2016,7805,,18-24,0.0,3,2,1,0.0,direct_PCTLT200FPL,59309.0,True,50.0,100.0,,83.33,0.935249882760383
cfpb_nfwbs_2016,2016,7250,,18-24,1.0,4,4,4,0.0,direct_PCTLT200FPL,188711.0,True,50.0,63.17,,44.44,1.76604652399257
cfpb_nfwbs_2016,2016,7928,,18-24,0.0,3,1,5,0.0,direct_PCTLT200FPL,48526.0,True,41.67,36.19,,48.61,1.0052205433625
cfpb_nfwbs_2016,2016,7488,,18-24,0.0,4,4,5,1.0,direct_PCTLT200FPL,59309.0,True,100.0,62.86,,56.25,0.927699371408609
cfpb_nfwbs_2016,2016,10265,,18-24,0.0,3,2,2,0.0,direct_PCTLT200FPL,72788.0,True,33.33,85.71,,72.92,1.32394228023625
cfpb_nfwbs_2016,2016,7156,,18-24,0.0,3,4,3,0.0,direct_PCTLT200FPL,16175.0,True,16.67,54.6,,43.75,0.639515233996807
cfpb_nfwbs_2016,2016,9826,,18-24,0.0,1,4,4,1.0,direct_PCTLT200FPL,16175.0,True,25.0,60.0,,66.67,1.80394667263103
cfpb_nfwbs_2016,2016,8239,,18-24,0.0,2,2,5,0.0,direct_PCTLT200FPL,48526.0,True,83.33,85.71,,54.86,1.77556301796287
cfpb_nfwbs_2016,2016,11785,,18-24,0.0,3,3,4,1.0,direct_PCTLT200FPL,16175.0,True,50.0,0.0,,35.42,0.746220546756788
cfpb_nfwbs_2016,2016,12546,,18-24,1.0,2,2,4,0.0,direct_PCTLT200FPL,134793.0,True,91.67,90.48,,70.14,1.56426204315888
cfpb_nfwbs_2016,2016,8639,,18-24,1.0,4,4,2,0.0,direct_PCTLT200FPL,48526.0,True,91.67,47.3,,54.17,1.03774546976673
cfpb_nfwbs_2016,2016,12624,,18-24,0.0,2,1,3,0.0,direct_PCTLT200FPL,94355.0,True,91.67,20.63,,27.78,3.21670344841587
cfpb_nfwbs_2016,2016,9102,,18-24,1.0,3,3,3,1.0,direct_PCTLT200FPL,94355.0,True,58.33,18.1,,38.19,1.94716446303782
cfpb_nfwbs_2016,2016,14008,,18-24,1.0,3,1,3,0.0,direct_PCTLT200FPL,94355.0,True,58.33,74.29,,77.78,1.94553733171176
cfpb_nfwbs_2016,2016,9353,,18-24,1.0,3,3,2,1.0,direct_PCTLT200FPL,59309.0,True,66.67,85.71,,70.83,1.40604028789898
cfpb_nfwbs_2016,2016,9608,,18-24,0.0,3,3,5,1.0,direct_PCTLT200FPL,48526.0,True,83.33,0.0,,29.86,1.03494007511357
cfpb_nfwbs_2016,2016,13671,,18-24,1.0,3,4,3,1.0,direct_PCTLT200FPL,188711.0,True,58.33,53.97,,80.56,2.42848636179796
cfpb_nfwbs_2016,2016,11587,,18-24,0.0,3,4,3,1.0,direct_PCTLT200FPL,94355.0,True,41.67,56.51,,65.97,1.07425902948069
cfpb_nfwbs_2016,2016,7179,,18-24,1.0,2,2,5,0.0,direct_PCTLT200FPL,72788.0,True,50.0,29.52,,47.22,1.11719643750377
cfpb_nfwbs_2016,2016,7810,,18-24,0.0,3,1,3,0.0,direct_PCTLT200FPL,134793.0,True,75.0,93.33,,51.39,1.53090448427113
cfpb_nfwbs_2016,2016,8646,,18-24,0.0,3,4,3,0.0,direct_PCTLT200FPL,72788.0,True,66.67,74.29,,47.92,0.96479677625119
cfpb_nfwbs_2016,2016,11689,,18-24,1.0,3,3,4,1.0,direct_PCTLT200FPL,59309.0,True,75.0,60.0,,63.19,1.44634354148401
cfpb_nfwbs_2016,2016,7182,,18-24,1.0,3,4,5,1.0,direct_PCTLT200FPL,16175.0,True,41.67,73.33,,20.83,0.821685629533687
cfpb_nfwbs_2016,2016,11181,,18-24,1.0,2,3,2,0.0,direct_PCTLT200FPL,134793.0,True,75.0,74.29,,55.56,1.88286799611714
cfpb_nfwbs_2016,2016,11186,,18-24,1.0,2,4,3,0.0,direct_PCTLT200FPL,188711.0,True,75.0,100.0,,49.31,2.32273596231437
cfpb_nfwbs_2016,2016,11794,,18-24,0.0,3,2,4,1.0,direct_PCTLT200FPL,16175.0,True,75.0,45.4,,35.42,0.467820874558452
cfpb_nfwbs_2016,2016,7503,,18-24,1.0,4,3,1,0.0,direct_PCTLT200FPL,16175.0,True,58.33,45.08,,52.08,0.766164660680251
cfpb_nfwbs_2016,2016,12399,,18-24,0.0,2,1,5,1.0,direct_PCTLT200FPL,16175.0,True,91.67,67.62,,59.72,0.988521431274233
cfpb_nfwbs_2016,2016,7939,,18-24,0.0,2,3,1,0.0,direct_PCTLT200FPL,16175.0,True,83.33,83.81,,61.81,3.27031582877213
cfpb_nfwbs_2016,2016,8463,,18-24,1.0,2,4,3,0.0,direct_PCTLT200FPL,134793.0,True,91.67,27.62,,52.08,1.61372330815099
cfpb_nfwbs_2016,2016,7351,,18-24,1.0,3,3,4,0.0,direct_PCTLT200FPL,134793.0,True,83.33,74.29,,31.94,1.96856672399133
cfpb_nfwbs_2016,2016,7352,,18-24,1.0,3,3,2,0.0,direct_PCTLT200FPL,48526.0,True,50.0,47.62,,57.64,1.0751399538658
cfpb_nfwbs_2016,2016,10688,,18-24,1.0,3,3,4,0.0,direct_PCTLT200FPL,188711.0,True,66.67,85.71,,65.97,2.83348283675147
cfpb_nfwbs_2016,2016,11461,,18-24,1.0,3,1,4,0.0,direct_PCTLT200FPL,188711.0,True,66.67,53.33,,48.61,2.83122951852683
cfpb_nfwbs_2016,2016,9363,,18-24,0.0,3,3,4,0.0,direct_PCTLT200FPL,188711.0,True,91.67,74.29,,55.56,2.20539013753044
cfpb_nfwbs_2016,2016,8661,,18-24,0.0,4,3,2,0.0,direct_PCTLT200FPL,134793.0,True,100.0,100.0,,72.22,0.924840981129284
cfpb_nfwbs_2016,2016,8253,,18-24,0.0,3,4,3,1.0,direct_PCTLT200FPL,59309.0,True,83.33,74.29,,35.42,0.96479677625119
cfpb_nfwbs_2016,2016,12502,,18-24,0.0,3,4,1,0.0,direct_PCTLT200FPL,16175.0,True,75.0,0.0,,57.64,1.20614531782738
cfpb_nfwbs_2016,2016,8255,,18-24,1.0,4,4,3,1.0,direct_PCTLT200FPL,72788.0,True,75.0,67.62,,50.69,0.901409806753624
cfpb_nfwbs_2016,2016,7513,,18-24,0.0,3,2,5,1.0,direct_PCTLT200FPL,16175.0,True,41.67,86.67,,50.0,0.681337266198548
cfpb_nfwbs_2016,2016,7951,,18-24,0.0,3,3,4,0.0,direct_PCTLT200FPL,188711.0,True,91.67,75.56,,51.39,2.20539013753044
cfpb_nfwbs_2016,2016,8886,,18-24,0.0,4,4,1,0.0,direct_PCTLT200FPL,37742.0,True,66.67,16.19,,54.86,0.670376629531644
cfpb_nfwbs_2016,2016,12070,,18-24,1.0,3,2,5,0.0,direct_PCTLT200FPL,94355.0,True,66.67,67.62,,59.03,1.33796716464855
cfpb_nfwbs_2016,2016,9862,,18-24,0.0,3,2,1,1.0,direct_PCTLT200FPL,48526.0,True,50.0,58.41,,57.64,0.675816242706003
cfpb_nfwbs_2016,2016,9125,,18-24,0.0,4,3,3,0.0,direct_PCTLT200FPL,94355.0,True,91.67,90.48,,63.89,0.91484217551825
cfpb_nfwbs_2016,2016,13407,,18-24,0.0,2,3,1,0.0,direct_PCTLT200FPL,16175.0,True,50.0,67.62,,36.11,1.19622835520067
cfpb_nfwbs_2016,2016,7259,,18-24,0.0,2,3,5,0.0,direct_PCTLT200FPL,188711.0,True,16.67,62.86,,100.0,6.63867414605819
cfpb_nfwbs_2016,2016,13885,,18-24,0.0,2,3,4,0.0,direct_PCTLT200FPL,16175.0,True,41.67,6.67,,6.25,1.74197685328675
cfpb_nfwbs_2016,2016,9628,,18-24,1.0,3,4,3,0.0,direct_PCTLT200FPL,134793.0,True,83.33,80.95,,65.97,1.68718612344007
cfpb_nfwbs_2016,2016,11701,,18-24,0.0,3,1,1,0.0,direct_PCTLT200FPL,16175.0,True,58.33,35.87,,51.39,0.819407976172396
cfpb_nfwbs_2016,2016,7260,,18-24,0.0,2,2,3,1.0,direct_PCTLT200FPL,94355.0,True,41.67,29.52,,55.56,2.67471359777768
cfpb_nfwbs_2016,2016,12142,,18-24,1.0,3,2,2,0.0,direct_PCTLT200FPL,48526.0,True,58.33,29.52,,52.08,0.868387282182338
cfpb_nfwbs_2016,2016,12143,,18-24,0.0,2,3,5,0.0,direct_PCTLT200FPL,37742.0,True,83.33,64.76,,45.14,1.76754045518751
cfpb_nfwbs_2016,2016,9373,,18-24,0.0,3,1,3,1.0,direct_PCTLT200FPL,37742.0,True,66.67,67.62,,47.22,0.831370618238244
cfpb_nfwbs_2016,2016,13015,,18-24,1.0,4,2,2,0.0,direct_PCTLT200FPL,72788.0,True,91.67,83.81,,57.64,0.849523959415437
cfpb_nfwbs_2016,2016,10302,,18-24,0.0,3,3,2,1.0,direct_PCTLT200FPL,16175.0,True,41.67,31.43,,68.75,0.746220546756788
cfpb_nfwbs_2016,2016,7829,,18-24,1.0,4,1,3,0.0,direct_PCTLT200FPL,188711.0,True,66.67,9.52,,56.94,2.05878806658069
cfpb_nfwbs_2016,2016,13198,,18-24,1.0,3,1,4,0.0,direct_PCTLT200FPL,16175.0,True,50.0,11.43,,61.11,0.722957424683545
cfpb_nfwbs_2016,2016,7357,,18-24,0.0,3,3,3,0.0,direct_PCTLT200FPL,134793.0,True,50.0,62.86,,33.33,1.53219300430304
cfpb_nfwbs_2016,2016,12405,,18-24,1.0,3,1,2,0.0,direct_PCTLT200FPL,26959.0,True,33.33,47.62,,53.47,1.97635564442302
cfpb_nfwbs_2016,2016,12741,,18-24,0.0,3,2,5,0.0,direct_PCTLT200FPL,72788.0,True,83.33,22.86,,67.36,0.935249882760383
cfpb_nfwbs_2016,2016,11599,,18-24,1.0,3,3,3,1.0,direct_PCTLT200FPL,94355.0,True,50.0,62.86,,41.67,1.94716446303782
cfpb_nfwbs_2016,2016,7559,,18-24,0.0,3,4,1,0.0,direct_PCTLT200FPL,134793.0,True,66.67,90.48,,75.0,1.35082796201911
cfpb_nfwbs_2016,2016,7833,,18-24,1.0,2,2,3,1.0,direct_PCTLT200FPL,26959.0,True,41.67,85.71,,63.89,0.815987201866982
cfpb_nfwbs_2016,2016,12504,,18-24,1.0,3,3,3,1.0,direct_PCTLT200FPL,26959.0,True,41.67,22.86,,54.86,1.71273995845401
cfpb_nfwbs_2016,2016,10873,,18-24,1.0,1,2,5,0.0,direct_PCTLT200FPL,37742.0,True,83.33,47.94,,50.0,2.48449676401075
cfpb_nfwbs_2016,2016,8679,,18-24,0.0,2,1,2,0.0,direct_PCTLT200FPL,26959.0,True,66.67,16.19,,29.86,2.05122205544013
cfpb_nfwbs_2016,2016,8097,,18-24,1.0,3,1,4,0.0,direct_PCTLT200FPL,134793.0,True,75.0,80.95,,86.11,1.96694483818691
cfpb_nfwbs_2016,2016,12147,,18-24,1.0,2,3,2,1.0,direct_PCTLT200FPL,48526.0,True,83.33,68.89,,55.56,0.850475016300459
cfpb_nfwbs_2016,2016,10310,,18-24,1.0,3,4,5,1.0,direct_PCTLT200FPL,48526.0,True,0.0,90.0,,59.38,1.61326867917422
cfpb_nfwbs_2016,2016,14067,,18-24,1.0,3,3,3,1.0,direct_PCTLT200FPL,59309.0,True,50.0,100.0,,68.06,1.91647929129725
cfpb_nfwbs_2016,2016,9654,,18-24,1.0,3,3,4,0.0,direct_PCTLT200FPL,134793.0,True,75.0,85.71,,63.89,1.96856672399133
cfpb_nfwbs_2016,2016,10709,,18-24,1.0,4,2,4,0.0,direct_PCTLT200FPL,48526.0,True,83.33,27.3,,55.56,0.780917121000456
cfpb_nfwbs_2016,2016,10515,,18-24,0.0,4,3,3,0.0,direct_PCTLT200FPL,37742.0,True,100.0,75.24,,45.14,0.607227492232735
cfpb_nfwbs_2016,2016,10879,,18-24,1.0,3,4,4,0.0,direct_PCTLT200FPL,72788.0,True,66.67,85.71,,40.97,0.996566933991211
cfpb_nfwbs_2016,2016,10881,,18-24,0.0,2,4,1,0.0,direct_PCTLT200FPL,26959.0,True,41.67,77.78,,83.33,1.96254290524218
cfpb_nfwbs_2016,2016,9145,,18-24,1.0,3,4,3,0.0,direct_PCTLT200FPL,134793.0,True,75.0,72.38,,40.28,2.68759248617531
cfpb_nfwbs_2016,2016,10095,,18-24,1.0,3,3,4,0.0,direct_PCTLT200FPL,16175.0,True,91.67,65.08,,72.92,1.05361647377005
cfpb_nfwbs_2016,2016,11904,,18-24,0.0,3,3,2,0.0,direct_PCTLT200FPL,134793.0,True,75.0,47.62,,34.72,1.53219300430304
cfpb_nfwbs_2016,2016,9660,,18-24,1.0,2,3,1,0.0,direct_PCTLT200FPL,37742.0,True,58.33,62.86,,73.61,0.999690297426544
cfpb_nfwbs_2016,2016,9149,,18-24,0.0,3,2,3,0.0,direct_PCTLT200FPL,48526.0,True,50.0,35.56,,63.89,0.675816242706003
cfpb_nfwbs_2016,2016,13723,,18-24,1.0,1,2,4,1.0,direct_PCTLT200FPL,72788.0,True,83.33,45.08,,54.86,1.65137357777647
cfpb_nfwbs_2016,2016,8915,,18-24,1.0,2,3,4,1.0,direct_PCTLT200FPL,94355.0,True,91.67,74.29,,50.0,2.40225116442186
cfpb_nfwbs_2016,2016,10097,,18-24,0.0,3,2,2,0.0,direct_PCTLT200FPL,16175.0,True,0.0,40.95,,52.78,1.31568878483462
cfpb_nfwbs_2016,2016,8489,,18-24,0.0,1,4,1,1.0,direct_PCTLT200FPL,16175.0,True,66.67,40.0,,38.89,1.85565566050759
cfpb_nfwbs_2016,2016,8687,,18-24,0.0,4,1,3,0.0,direct_PCTLT200FPL,188711.0,True,91.67,85.71,,51.39,1.33011826739428
cfpb_nfwbs_2016,2016,8490,,18-24,0.0,3,3,3,0.0,direct_PCTLT200FPL,134793.0,True,58.33,79.05,,59.72,1.53219300430304
cfpb_nfwbs_2016,2016,12896,,18-24,0.0,3,3,1,0.0,direct_PCTLT200FPL,16175.0,True,91.67,16.19,,59.72,0.465719032308469
cfpb_nfwbs_2016,2016,8491,,18-24,0.0,1,4,5,1.0,direct_PCTLT200FPL,16175.0,True,66.67,29.21,,44.44,2.18102410942508
cfpb_nfwbs_2016,2016,13572,,18-24,0.0,3,1,5,0.0,direct_PCTLT200FPL,188711.0,True,83.33,16.19,,52.08,2.91986910059698
cfpb_nfwbs_2016,2016,8493,,18-24,1.0,3,2,5,0.0,direct_PCTLT200FPL,134793.0,True,66.67,69.84,,65.97,1.63552660547092
cfpb_nfwbs_2016,2016,8494,,18-24,1.0,4,1,2,0.0,direct_PCTLT200FPL,37742.0,True,16.67,53.33,,50.0,0.781243980172129
cfpb_nfwbs_2016,2016,13260,,18-24,0.0,3,4,4,0.0,direct_PCTLT200FPL,134793.0,True,83.33,47.3,,50.69,1.08605493351384
cfpb_nfwbs_2016,2016,9892,,18-24,0.0,3,4,1,1.0,direct_PCTLT200FPL,134793.0,True,58.33,66.67,,47.22,1.31318630888382
cfpb_nfwbs_2016,2016,13140,,18-24,1.0,3,1,5,0.0,direct_PCTLT200FPL,94355.0,True,58.33,72.38,,68.06,1.94553733171176
cfpb_nfwbs_2016,2016,7362,,18-24,1.0,3,3,2,0.0,direct_PCTLT200FPL,48526.0,True,58.33,83.81,,48.61,1.52196246552565
cfpb_nfwbs_2016,2016,8282,,18-24,0.0,2,2,3,0.0,direct_PCTLT200FPL,16175.0,True,50.0,13.33,,33.33,1.02228696983781
cfpb_nfwbs_2016,2016,12897,,18-24,1.0,3,3,4,1.0,direct_PCTLT200FPL,37742.0,True,58.33,11.43,,39.58,1.71273995845401
cfpb_nfwbs_2016,2016,12468,,18-24,0.0,3,2,4,0.0,direct_PCTLT200FPL,59309.0,True,91.67,74.29,,74.31,0.909188568757773
cfpb_nfwbs_2016,2016,10327,,18-24,0.0,2,3,5,0.0,direct_PCTLT200FPL,59309.0,True,50.0,49.21,,69.44,2.8749115001388
cfpb_nfwbs_2016,2016,10887,,18-24,1.0,2,4,4,0.0,direct_PCTLT200FPL,134793.0,True,16.67,63.17,,47.22,1.61372330815099
cfpb_nfwbs_2016,2016,7977,,18-24,1.0,2,3,4,1.0,direct_PCTLT200FPL,37742.0,True,33.33,65.08,,91.67,1.02248989488802
cfpb_nfwbs_2016,2016,8107,,18-24,1.0,3,2,4,0.0,direct_PCTLT200FPL,134793.0,True,83.33,49.52,,18.75,1.63552660547092
cfpb_nfwbs_2016,2016,9674,,18-24,0.0,3,3,3,1.0,direct_PCTLT200FPL,37742.0,True,100.0,74.29,,41.67,1.33309815833708
cfpb_nfwbs_2016,2016,7162,,18-24,1.0,2,2,4,0.0,direct_PCTLT200FPL,188711.0,True,25.0,56.83,,70.14,2.25153735158753
cfpb_nfwbs_2016,2016,8109,,18-24,0.0,3,2,4,0.0,direct_PCTLT200FPL,134793.0,True,66.67,82.22,,57.64,1.27293220885162
cfpb_nfwbs_2016,2016,10728,,18-24,1.0,2,2,1,0.0,direct_PCTLT200FPL,16175.0,True,58.33,26.67,,28.47,0.837233845884165
cfpb_nfwbs_2016,2016,11819,,18-24,0.0,3,2,2,0.0,direct_PCTLT200FPL,16175.0,True,91.67,11.43,,52.78,0.481230663383119
cfpb_nfwbs_2016,2016,8285,,18-24,1.0,2,1,3,0.0,direct_PCTLT200FPL,37742.0,True,75.0,40.0,,27.78,1.2706696750691
cfpb_nfwbs_2016,2016,10112,,18-24,0.0,3,1,4,0.0,direct_PCTLT200FPL,26959.0,True,83.33,22.54,,49.31,0.465330311457455
cfpb_nfwbs_2016,2016,12867,,18-24,0.0,2,3,5,0.0,direct_PCTLT200FPL,16175.0,True,33.33,11.43,,22.92,1.5851186810041
cfpb_nfwbs_2016,2016,9166,,18-24,1.0,2,3,4,0.0,direct_PCTLT200FPL,134793.0,True,33.33,80.0,,47.22,1.9368392137044
cfpb_nfwbs_2016,2016,10733,,18-24,0.0,3,4,4,0.0,direct_PCTLT200FPL,188711.0,True,75.0,79.05,,58.33,1.89011668022466
cfpb_nfwbs_2016,2016,8500,,18-24,1.0,1,2,5,1.0,direct_PCTLT200FPL,26959.0,True,58.33,17.78,,43.06,0.884687194483423
cfpb_nfwbs_2016,2016,10891,,18-24,1.0,2,4,5,0.0,direct_PCTLT200FPL,94355.0,True,33.33,64.44,,47.22,1.59613504321202
cfpb_nfwbs_2016,2016,9415,,18-24,1.0,2,2,3,0.0,direct_PCTLT200FPL,37742.0,True,66.67,11.43,,42.36,1.05655893820715
cfpb_nfwbs_2016,2016,7263,,18-24,1.0,3,1,4,0.0,direct_PCTLT200FPL,188711.0,True,83.33,51.43,,71.88,2.91238491800199
cfpb_nfwbs_2016,2016,8502,,18-24,0.0,3,2,4,0.0,direct_PCTLT200FPL,134793.0,True,75.0,80.95,,81.25,1.27293220885162
cfpb_nfwbs_2016,2016,12411,,18-24,0.0,3,3,2,1.0,direct_PCTLT200FPL,72788.0,True,83.33,56.19,,50.69,1.09435206302439
cfpb_nfwbs_2016,2016,10737,,18-24,0.0,2,1,4,0.0,direct_PCTLT200FPL,94355.0,True,58.33,52.38,,65.97,3.21670344841587
cfpb_nfwbs_2016,2016,8504,,18-24,1.0,3,4,4,0.0,direct_PCTLT200FPL,188711.0,True,75.0,88.89,,67.36,3.86844202193869
cfpb_nfwbs_2016,2016,10338,,18-24,1.0,2,2,1,0.0,direct_PCTLT200FPL,48526.0,True,66.67,82.22,,60.42,0.854347714338186
cfpb_nfwbs_2016,2016,8505,,18-24,0.0,3,4,5,0.0,direct_PCTLT200FPL,134793.0,True,83.33,100.0,,79.17,1.08605493351384
cfpb_nfwbs_2016,2016,9678,,18-24,1.0,4,4,4,1.0,direct_PCTLT200FPL,134793.0,True,83.33,67.94,,86.11,1.62573511583043
cfpb_nfwbs_2016,2016,9903,,18-24,1.0,3,1,3,0.0,direct_PCTLT200FPL,59309.0,True,66.67,18.1,,62.5,1.40479528977462
cfpb_nfwbs_2016,2016,14189,,18-24,1.0,1,4,5,1.0,direct_PCTLT200FPL,37742.0,True,50.0,58.41,,60.42,1.25921730628409
cfpb_nfwbs_2016,2016,8507,,18-24,0.0,4,4,5,0.0,direct_PCTLT200FPL,188711.0,True,41.67,83.81,,66.67,1.14093362145229
cfpb_nfwbs_2016,2016,8699,,18-24,1.0,3,2,3,0.0,direct_PCTLT200FPL,134793.0,True,100.0,72.38,,42.36,1.63552660547092
cfpb_nfwbs_2016,2016,9172,,18-24,1.0,2,3,4,,direct_PCTLT200FPL,16175.0,True,50.0,46.67,,75.0,1.03661836902694
cfpb_nfwbs_2016,2016,10898,,18-24,0.0,2,1,5,,direct_PCTLT200FPL,134793.0,True,66.67,58.41,,59.72,4.08248010784543
cfpb_nfwbs_2016,2016,7984,,18-24,0.0,3,3,2,,direct_PCTLT200FPL,16175.0,True,50.0,69.52,,68.75,0.820076194026753
cfpb_nfwbs_2016,2016,7311,,18-24,1.0,2,4,2,,direct_PCTLT200FPL,26959.0,True,25.0,63.17,,69.44,0.87634805695994
cfpb_nfwbs_2016,2016,12847,,18-24,0.0,1,4,5,1.0,direct_PCTLT200FPL,94355.0,True,91.67,63.17,,59.72,5.8697873155162
cfpb_nfwbs_2016,2016,11821,,18-24,1.0,3,4,5,,direct_PCTLT200FPL,16175.0,True,50.0,61.27,,56.94,0.821685629533687
cfpb_nfwbs_2016,2016,7368,,18-24,1.0,2,1,1,,direct_PCTLT200FPL,16175.0,True,33.33,42.86,,70.83,0.588251322908211
cfpb_nfwbs_2016,2016,7699,,18-24,1.0,2,2,3,,direct_PCTLT200FPL,16175.0,True,25.0,100.0,,83.33,0.837233845884165
cfpb_nfwbs_2016,2016,8292,,18-24,1.0,2,4,4,,direct_PCTLT200FPL,48526.0,True,58.33,40.32,,56.25,1.40399417904742
cfpb_nfwbs_2016,2016,7313,,18-24,1.0,3,3,4,,direct_PCTLT200FPL,26959.0,True,41.67,37.78,,75.0,1.05361647377005
cfpb_nfwbs_2016,2016,13740,,18-24,0.0,3,3,3,,direct_PCTLT200FPL,26959.0,True,58.33,68.89,,64.58,0.799318311256295
cfpb_nfwbs_2016,2016,8509,,18-24,1.0,3,3,2,0.0,direct_PCTLT200FPL,188711.0,True,58.33,85.71,,83.33,2.83348283675147
cfpb_nfwbs_2016,2016,12810,,18-24,1.0,2,4,5,,direct_PCTLT200FPL,16175.0,True,50.0,65.08,,77.08,0.785892620419774
cfpb_nfwbs_2016,2016,12987,,18-24,0.0,2,3,3,1.0,direct_PCTLT200FPL,16175.0,True,41.67,53.33,,50.0,0.9894059715528312
cfpb_nfwbs_2016,2016,7165,,18-24,1.0,4,4,1,0.0,direct_PCTLT200FPL,26959.0,True,0.0,60.0,,50.0,0.651464001800686
cfpb_nfwbs_2016,2016,8119,,18-24,1.0,2,1,3,,direct_PCTLT200FPL,16175.0,True,50.0,18.1,,88.89,0.91619723475429
cfpb_nfwbs_2016,2016,10122,,18-24,0.0,3,3,3,,direct_PCTLT200FPL,16175.0,True,83.33,6.67,,66.67,0.746220546756788
cfpb_nfwbs_2016,2016,7222,,18-24,1.0,3,1,2,,direct_PCTLT200FPL,59309.0,True,58.33,58.1,,41.67,2.04574589121999
cfpb_nfwbs_2016,2016,12673,,18-24,0.0,2,3,5,,direct_PCTLT200FPL,59309.0,True,75.0,82.22,,53.47,4.18642888185787
cfpb_nfwbs_2016,2016,9427,,18-24,1.0,3,1,2,,direct_PCTLT200FPL,48526.0,True,83.33,80.95,,75.69,1.52074676076322
cfpb_nfwbs_2016,2016,7989,,18-24,1.0,3,1,5,,direct_PCTLT200FPL,48526.0,True,33.33,65.08,,83.33,1.88070694486384
cfpb_nfwbs_2016,2016,7371,,18-24,1.0,1,3,5,0.0,direct_PCTLT200FPL,26959.0,True,33.33,33.33,,63.19,1.3175570943674
cfpb_nfwbs_2016,2016,13899,,18-24,1.0,4,3,5,,direct_PCTLT200FPL,72788.0,True,50.0,49.21,,79.17,1.39370468972331
cfpb_nfwbs_2016,2016,8120,,18-24,1.0,3,4,5,0.0,direct_PCTLT200FPL,134793.0,True,91.67,45.08,,62.5,1.39541367821625
cfpb_nfwbs_2016,2016,8944,,18-24,1.0,3,2,2,,direct_PCTLT200FPL,16175.0,True,58.33,44.44,,83.33,0.875270037099789
cfpb_nfwbs_2016,2016,13471,,18-24,0.0,3,3,1,,direct_PCTLT200FPL,48526.0,True,41.67,11.43,,27.78,1.07793469287866
