source_dataset,survey_year,respondent_id,household_id,age,age_band,female,education_level,census_region,household_size,underserved_200fpl,underserved_method,household_income_2020_usd,income_is_banded,financial_knowledge_score,savings_behavior_index,credit_behavior_index,spending_behavior_index,weight
scf_2022,2022,51,5,19,18-24,1.0,2,,2,0.0,income_vs_200fpl_by_hhsize,49707.0,False,0.0,33.33,100.0,25.0,7191.4811087
scf_2022,2022,52,5,19,18-24,1.0,2,,2,0.0,income_vs_200fpl_by_hhsize,51619.0,False,0.0,33.33,100.0,25.0,7352.4872047
scf_2022,2022,53,5,19,18-24,1.0,2,,2,0.0,income_vs_200fpl_by_hhsize,54487.0,False,0.0,33.33,100.0,25.0,7270.7035407
scf_2022,2022,54,5,19,18-24,1.0,2,,2,0.0,income_vs_200fpl_by_hhsize,59266.0,False,0.0,33.33,100.0,25.0,7383.8665965
scf_2022,2022,55,5,19,18-24,1.0,2,,2,0.0,income_vs_200fpl_by_hhsize,52575.0,False,0.0,33.33,100.0,25.0,7330.5376686
scf_2022,2022,271,27,19,18-24,0.0,3,,1,1.0,income_vs_200fpl_by_hhsize,11471.0,False,66.67,0.0,100.0,25.0,13312.145307
scf_2022,2022,272,27,19,18-24,0.0,3,,1,1.0,income_vs_200fpl_by_hhsize,11471.0,False,66.67,0.0,100.0,25.0,13413.744495
scf_2022,2022,273,27,19,18-24,0.0,3,,1,1.0,income_vs_200fpl_by_hhsize,11471.0,False,66.67,0.0,100.0,25.0,13412.092016
scf_2022,2022,274,27,19,18-24,0.0,3,,1,1.0,income_vs_200fpl_by_hhsize,11471.0,False,66.67,0.0,100.0,25.0,13551.774656
scf_2022,2022,275,27,19,18-24,0.0,3,,1,1.0,income_vs_200fpl_by_hhsize,11471.0,False,66.67,0.0,100.0,25.0,13444.977243
scf_2022,2022,311,31,23,18-24,0.0,3,,1,0.0,income_vs_200fpl_by_hhsize,38236.0,False,66.67,100.0,100.0,83.33,11364.335766
scf_2022,2022,312,31,23,18-24,0.0,3,,1,0.0,income_vs_200fpl_by_hhsize,38236.0,False,66.67,100.0,100.0,83.33,11744.934414
scf_2022,2022,313,31,23,18-24,0.0,3,,1,0.0,income_vs_200fpl_by_hhsize,53531.0,False,66.67,100.0,100.0,83.33,11388.437624
scf_2022,2022,314,31,23,18-24,0.0,3,,1,0.0,income_vs_200fpl_by_hhsize,39192.0,False,66.67,100.0,100.0,83.33,11723.022029
scf_2022,2022,315,31,23,18-24,0.0,3,,1,0.0,income_vs_200fpl_by_hhsize,40148.0,False,66.67,100.0,100.0,83.33,11469.061251
scf_2022,2022,1181,118,24,18-24,0.0,4,,2,0.0,income_vs_200fpl_by_hhsize,33457.0,False,66.67,0.0,100.0,50.0,18925.453509
scf_2022,2022,1182,118,24,18-24,0.0,4,,2,0.0,income_vs_200fpl_by_hhsize,32501.0,False,66.67,0.0,100.0,50.0,18708.583286
scf_2022,2022,1183,118,24,18-24,0.0,4,,2,0.0,income_vs_200fpl_by_hhsize,32501.0,False,66.67,0.0,100.0,50.0,18829.538416
scf_2022,2022,1184,118,24,18-24,0.0,4,,2,0.0,income_vs_200fpl_by_hhsize,32501.0,False,66.67,0.0,100.0,50.0,18921.342175
scf_2022,2022,1185,118,24,18-24,0.0,4,,2,0.0,income_vs_200fpl_by_hhsize,32501.0,False,66.67,0.0,100.0,50.0,18657.914186
scf_2022,2022,1411,141,22,18-24,0.0,2,,2,1.0,income_vs_200fpl_by_hhsize,27721.0,False,66.67,66.67,33.33,25.0,13493.654436
scf_2022,2022,1412,141,22,18-24,0.0,2,,2,1.0,income_vs_200fpl_by_hhsize,27721.0,False,66.67,66.67,33.33,25.0,13339.028188
scf_2022,2022,1413,141,22,18-24,0.0,2,,2,1.0,income_vs_200fpl_by_hhsize,27721.0,False,66.67,66.67,33.33,25.0,13425.267957
scf_2022,2022,1414,141,22,18-24,0.0,2,,2,1.0,income_vs_200fpl_by_hhsize,27721.0,False,66.67,66.67,33.33,25.0,13490.723096
scf_2022,2022,1415,141,22,18-24,0.0,2,,2,1.0,income_vs_200fpl_by_hhsize,27721.0,False,66.67,66.67,33.33,25.0,13302.901639
scf_2022,2022,1811,181,21,18-24,0.0,3,,1,1.0,income_vs_200fpl_by_hhsize,22942.0,False,100.0,66.67,100.0,16.67,12564.681842
scf_2022,2022,1812,181,21,18-24,0.0,3,,1,1.0,income_vs_200fpl_by_hhsize,23898.0,False,100.0,66.67,100.0,16.67,12881.978498
scf_2022,2022,1813,181,21,18-24,0.0,3,,1,1.0,income_vs_200fpl_by_hhsize,23898.0,False,100.0,66.67,100.0,16.67,12737.007844
scf_2022,2022,1814,181,21,18-24,0.0,3,,1,1.0,income_vs_200fpl_by_hhsize,22942.0,False,100.0,66.67,100.0,16.67,12800.291706
scf_2022,2022,1815,181,21,18-24,0.0,3,,1,1.0,income_vs_200fpl_by_hhsize,22942.0,False,100.0,66.67,100.0,16.67,12778.832142
scf_2022,2022,1951,195,21,18-24,0.0,2,,1,1.0,income_vs_200fpl_by_hhsize,12427.0,False,100.0,0.0,100.0,50.0,9549.2407376
scf_2022,2022,1952,195,21,18-24,0.0,2,,1,1.0,income_vs_200fpl_by_hhsize,22942.0,False,100.0,0.0,100.0,50.0,9525.9650337
scf_2022,2022,1953,195,21,18-24,0.0,2,,1,1.0,income_vs_200fpl_by_hhsize,18162.0,False,100.0,0.0,100.0,50.0,9568.6380779
scf_2022,2022,1954,195,21,18-24,0.0,2,,1,1.0,income_vs_200fpl_by_hhsize,12427.0,False,100.0,0.0,100.0,50.0,9491.2820905
scf_2022,2022,1955,195,21,18-24,0.0,2,,1,0.0,income_vs_200fpl_by_hhsize,54487.0,False,100.0,0.0,100.0,50.0,9553.0082817
scf_2022,2022,2411,241,21,18-24,0.0,2,,4,1.0,income_vs_200fpl_by_hhsize,33457.0,False,100.0,33.33,100.0,8.33,2627.2647448
scf_2022,2022,2412,241,21,18-24,0.0,2,,4,1.0,income_vs_200fpl_by_hhsize,31545.0,False,100.0,33.33,100.0,8.33,2700.9346197
scf_2022,2022,2413,241,21,18-24,0.0,2,,4,1.0,income_vs_200fpl_by_hhsize,26765.0,False,100.0,33.33,66.67,8.33,2664.4092815
scf_2022,2022,2414,241,21,18-24,0.0,2,,4,1.0,income_vs_200fpl_by_hhsize,45884.0,False,100.0,33.33,66.67,8.33,2693.074999
scf_2022,2022,2415,241,21,18-24,0.0,2,,4,1.0,income_vs_200fpl_by_hhsize,38236.0,False,100.0,33.33,66.67,8.33,2677.6517471
scf_2022,2022,2551,255,20,18-24,1.0,2,,3,1.0,income_vs_200fpl_by_hhsize,39192.0,False,33.33,0.0,33.33,41.67,2995.2874629
scf_2022,2022,2552,255,20,18-24,1.0,2,,3,1.0,income_vs_200fpl_by_hhsize,39192.0,False,33.33,0.0,33.33,41.67,3095.6014965
scf_2022,2022,2553,255,20,18-24,1.0,2,,3,1.0,income_vs_200fpl_by_hhsize,39192.0,False,33.33,0.0,33.33,41.67,3001.6399673
scf_2022,2022,2554,255,20,18-24,1.0,2,,3,1.0,income_vs_200fpl_by_hhsize,39192.0,False,33.33,0.0,33.33,41.67,3089.8260693
scf_2022,2022,2555,255,20,18-24,1.0,2,,3,1.0,income_vs_200fpl_by_hhsize,39192.0,False,33.33,0.0,33.33,41.67,3022.8898622
scf_2022,2022,3551,355,23,18-24,1.0,3,,3,1.0,income_vs_200fpl_by_hhsize,9559.0,False,33.33,33.33,33.33,0.0,13304.923766
scf_2022,2022,3552,355,23,18-24,1.0,3,,3,1.0,income_vs_200fpl_by_hhsize,9559.0,False,33.33,33.33,33.33,0.0,13281.425173
scf_2022,2022,3553,355,23,18-24,1.0,3,,3,1.0,income_vs_200fpl_by_hhsize,9559.0,False,33.33,33.33,33.33,0.0,13336.274274
scf_2022,2022,3554,355,23,18-24,1.0,3,,3,1.0,income_vs_200fpl_by_hhsize,9559.0,False,33.33,33.33,33.33,0.0,13469.794909
scf_2022,2022,3555,355,23,18-24,1.0,3,,3,1.0,income_vs_200fpl_by_hhsize,9559.0,False,33.33,33.33,33.33,0.0,13346.995682
scf_2022,2022,4031,403,23,18-24,1.0,3,,1,0.0,income_vs_200fpl_by_hhsize,34413.0,False,100.0,33.33,66.67,8.33,18441.863787
scf_2022,2022,4032,403,23,18-24,1.0,3,,1,0.0,income_vs_200fpl_by_hhsize,34413.0,False,100.0,33.33,66.67,8.33,18449.153434
scf_2022,2022,4033,403,23,18-24,1.0,3,,1,0.0,income_vs_200fpl_by_hhsize,34413.0,False,100.0,33.33,66.67,8.33,18485.047104
scf_2022,2022,4034,403,23,18-24,1.0,3,,1,0.0,income_vs_200fpl_by_hhsize,34413.0,False,100.0,33.33,66.67,8.33,18451.171157
scf_2022,2022,4035,403,23,18-24,1.0,3,,1,0.0,income_vs_200fpl_by_hhsize,34413.0,False,100.0,33.33,66.67,8.33,18488.689759
scf_2022,2022,5261,526,21,18-24,0.0,4,,1,0.0,income_vs_200fpl_by_hhsize,49707.0,False,100.0,100.0,66.67,41.67,8253.097413
scf_2022,2022,5262,526,21,18-24,0.0,4,,1,0.0,income_vs_200fpl_by_hhsize,48751.0,False,100.0,100.0,66.67,41.67,8284.6018672
scf_2022,2022,5263,526,21,18-24,0.0,4,,1,0.0,income_vs_200fpl_by_hhsize,49707.0,False,100.0,100.0,66.67,41.67,8915.7139081
scf_2022,2022,5264,526,21,18-24,0.0,4,,1,0.0,income_vs_200fpl_by_hhsize,48751.0,False,100.0,100.0,66.67,41.67,8514.500005
scf_2022,2022,5265,526,21,18-24,0.0,4,,1,0.0,income_vs_200fpl_by_hhsize,49707.0,False,100.0,100.0,66.67,41.67,9046.7932858
scf_2022,2022,5331,533,24,18-24,1.0,2,,2,1.0,income_vs_200fpl_by_hhsize,26765.0,False,66.67,33.33,66.67,33.33,3250.4778043
scf_2022,2022,5332,533,24,18-24,1.0,2,,2,1.0,income_vs_200fpl_by_hhsize,26765.0,False,66.67,33.33,66.67,33.33,3270.8073085
scf_2022,2022,5333,533,24,18-24,1.0,2,,2,1.0,income_vs_200fpl_by_hhsize,25810.0,False,66.67,33.33,66.67,33.33,3220.872278
scf_2022,2022,5334,533,24,18-24,1.0,2,,2,1.0,income_vs_200fpl_by_hhsize,25810.0,False,66.67,33.33,66.67,33.33,3332.1377827
scf_2022,2022,5335,533,24,18-24,1.0,2,,2,1.0,income_vs_200fpl_by_hhsize,25810.0,False,66.67,33.33,66.67,33.33,3235.6570213
scf_2022,2022,5781,578,21,18-24,1.0,3,,1,1.0,income_vs_200fpl_by_hhsize,21986.0,False,100.0,33.33,66.67,33.33,25383.998207
scf_2022,2022,5782,578,21,18-24,1.0,3,,1,1.0,income_vs_200fpl_by_hhsize,19118.0,False,100.0,33.33,66.67,33.33,25004.136962
scf_2022,2022,5783,578,21,18-24,1.0,3,,1,1.0,income_vs_200fpl_by_hhsize,21030.0,False,100.0,33.33,66.67,33.33,24988.102405
scf_2022,2022,5784,578,21,18-24,1.0,3,,1,1.0,income_vs_200fpl_by_hhsize,19118.0,False,100.0,33.33,66.67,33.33,25163.343613
scf_2022,2022,5785,578,21,18-24,1.0,3,,1,1.0,income_vs_200fpl_by_hhsize,19118.0,False,100.0,33.33,66.67,33.33,24786.373878
scf_2022,2022,5971,597,21,18-24,1.0,3,,1,0.0,income_vs_200fpl_by_hhsize,28677.0,False,66.67,33.33,100.0,50.0,2867.9261861
scf_2022,2022,5972,597,21,18-24,1.0,3,,1,0.0,income_vs_200fpl_by_hhsize,28677.0,False,66.67,33.33,100.0,50.0,2868.7141126
scf_2022,2022,5973,597,21,18-24,1.0,3,,1,0.0,income_vs_200fpl_by_hhsize,32501.0,False,66.67,33.33,100.0,50.0,2874.9509205
scf_2022,2022,5974,597,21,18-24,1.0,3,,1,0.0,income_vs_200fpl_by_hhsize,29633.0,False,66.67,33.33,100.0,50.0,2868.139349
scf_2022,2022,5975,597,21,18-24,1.0,3,,1,0.0,income_vs_200fpl_by_hhsize,26765.0,False,66.67,33.33,100.0,50.0,2875.0795557
scf_2022,2022,6331,633,24,18-24,0.0,3,,2,0.0,income_vs_200fpl_by_hhsize,38236.0,False,66.67,66.67,100.0,50.0,21715.116171
scf_2022,2022,6332,633,24,18-24,0.0,3,,2,0.0,income_vs_200fpl_by_hhsize,38236.0,False,66.67,66.67,100.0,50.0,21408.074324
scf_2022,2022,6333,633,24,18-24,0.0,3,,2,0.0,income_vs_200fpl_by_hhsize,38236.0,False,66.67,66.67,100.0,50.0,21596.051587
scf_2022,2022,6334,633,24,18-24,0.0,3,,2,0.0,income_vs_200fpl_by_hhsize,38236.0,False,66.67,66.67,100.0,50.0,21577.024872
scf_2022,2022,6335,633,24,18-24,0.0,3,,2,0.0,income_vs_200fpl_by_hhsize,38236.0,False,66.67,66.67,100.0,50.0,21363.301424
scf_2022,2022,6431,643,22,18-24,0.0,3,,1,0.0,income_vs_200fpl_by_hhsize,40148.0,False,100.0,100.0,100.0,58.33,13734.426041
scf_2022,2022,6432,643,22,18-24,0.0,3,,1,0.0,income_vs_200fpl_by_hhsize,40148.0,False,100.0,100.0,100.0,58.33,13892.118279
scf_2022,2022,6433,643,22,18-24,0.0,3,,1,0.0,income_vs_200fpl_by_hhsize,40148.0,False,100.0,100.0,100.0,58.33,13806.893397
scf_2022,2022,6434,643,22,18-24,0.0,3,,1,0.0,income_vs_200fpl_by_hhsize,40148.0,False,100.0,100.0,100.0,58.33,13755.940938
scf_2022,2022,6435,643,22,18-24,0.0,3,,1,0.0,income_vs_200fpl_by_hhsize,40148.0,False,100.0,100.0,100.0,58.33,13862.051557
scf_2022,2022,6871,687,20,18-24,1.0,2,,1,1.0,income_vs_200fpl_by_hhsize,5735.0,False,33.33,66.67,100.0,66.67,22400.924903
scf_2022,2022,6872,687,20,18-24,1.0,2,,1,1.0,income_vs_200fpl_by_hhsize,5735.0,False,33.33,66.67,100.0,66.67,22084.186033
scf_2022,2022,6873,687,20,18-24,1.0,2,,1,1.0,income_vs_200fpl_by_hhsize,5735.0,False,33.33,66.67,100.0,66.67,22278.10001
scf_2022,2022,6874,687,20,18-24,1.0,2,,1,1.0,income_vs_200fpl_by_hhsize,5735.0,False,33.33,66.67,100.0,66.67,22258.472392
scf_2022,2022,6875,687,20,18-24,1.0,2,,1,1.0,income_vs_200fpl_by_hhsize,5735.0,False,33.33,66.67,100.0,66.67,22037.999111
scf_2022,2022,6881,688,21,18-24,0.0,3,,2,0.0,income_vs_200fpl_by_hhsize,86988.0,False,33.33,66.67,66.67,33.33,6505.3515018
scf_2022,2022,6882,688,21,18-24,0.0,3,,2,0.0,income_vs_200fpl_by_hhsize,80296.0,False,33.33,66.67,66.67,33.33,6687.764954
scf_2022,2022,6883,688,21,18-24,0.0,3,,2,0.0,income_vs_200fpl_by_hhsize,82208.0,False,33.33,66.67,66.67,33.33,6597.3248244
scf_2022,2022,6884,688,21,18-24,0.0,3,,2,0.0,income_vs_200fpl_by_hhsize,81252.0,False,33.33,66.67,66.67,33.33,6668.303803
scf_2022,2022,6885,688,21,18-24,0.0,3,,2,0.0,income_vs_200fpl_by_hhsize,78385.0,False,33.33,66.67,66.67,33.33,6630.1143991
scf_2022,2022,7191,719,23,18-24,1.0,3,,1,1.0,income_vs_200fpl_by_hhsize,16250.0,False,66.67,33.33,33.33,33.33,28265.283116
scf_2022,2022,7192,719,23,18-24,1.0,3,,1,1.0,income_vs_200fpl_by_hhsize,10515.0,False,66.67,33.33,33.33,33.33,27467.898527
scf_2022,2022,7193,719,23,18-24,1.0,3,,1,1.0,income_vs_200fpl_by_hhsize,22942.0,False,66.67,33.33,33.33,33.33,26909.730208
scf_2022,2022,7194,719,23,18-24,1.0,3,,1,1.0,income_vs_200fpl_by_hhsize,18162.0,False,66.67,33.33,33.33,33.33,27676.994736
scf_2022,2022,7195,719,23,18-24,1.0,3,,1,1.0,income_vs_200fpl_by_hhsize,11471.0,False,66.67,33.33,33.33,33.33,26603.416522
scf_2022,2022,8351,835,23,18-24,0.0,4,,2,0.0,income_vs_200fpl_by_hhsize,44928.0,False,100.0,33.33,100.0,50.0,14645.670983
scf_2022,2022,8352,835,23,18-24,0.0,4,,2,0.0,income_vs_200fpl_by_hhsize,44928.0,False,100.0,33.33,100.0,50.0,15015.518981
scf_2022,2022,8353,835,23,18-24,0.0,4,,2,0.0,income_vs_200fpl_by_hhsize,44928.0,False,100.0,33.33,100.0,50.0,14846.537982
scf_2022,2022,8354,835,23,18-24,0.0,4,,2,0.0,income_vs_200fpl_by_hhsize,44928.0,False,100.0,33.33,100.0,50.0,14920.30305
scf_2022,2022,8355,835,23,18-24,0.0,4,,2,0.0,income_vs_200fpl_by_hhsize,43972.0,False,100.0,33.33,100.0,50.0,14895.289308
scf_2022,2022,8811,881,24,18-24,0.0,2,,2,0.0,income_vs_200fpl_by_hhsize,76473.0,False,100.0,0.0,33.33,58.33,23795.915415
scf_2022,2022,8812,881,24,18-24,0.0,2,,2,0.0,income_vs_200fpl_by_hhsize,46840.0,False,100.0,0.0,33.33,58.33,24053.796135
scf_2022,2022,8813,881,24,18-24,0.0,2,,2,0.0,income_vs_200fpl_by_hhsize,74561.0,False,100.0,0.0,33.33,58.33,23099.916155
scf_2022,2022,8814,881,24,18-24,0.0,2,,2,0.0,income_vs_200fpl_by_hhsize,48751.0,False,100.0,0.0,33.33,58.33,23906.612923
scf_2022,2022,8815,881,24,18-24,0.0,2,,2,0.0,income_vs_200fpl_by_hhsize,81252.0,False,100.0,0.0,33.33,58.33,23160.011588
scf_2022,2022,8831,883,22,18-24,0.0,2,,3,0.0,income_vs_200fpl_by_hhsize,62134.0,False,33.33,66.67,66.67,16.67,23795.915415
scf_2022,2022,8832,883,22,18-24,0.0,2,,3,0.0,income_vs_200fpl_by_hhsize,62134.0,False,33.33,66.67,66.67,16.67,24053.796135
scf_2022,2022,8833,883,22,18-24,0.0,2,,3,0.0,income_vs_200fpl_by_hhsize,62134.0,False,33.33,66.67,66.67,16.67,23099.916155
scf_2022,2022,8834,883,22,18-24,0.0,2,,3,0.0,income_vs_200fpl_by_hhsize,62134.0,False,33.33,66.67,66.67,16.67,23906.612923
scf_2022,2022,8835,883,22,18-24,0.0,2,,3,0.0,income_vs_200fpl_by_hhsize,62134.0,False,33.33,66.67,66.67,16.67,23160.011588
scf_2022,2022,8931,893,22,18-24,0.0,3,,1,1.0,income_vs_200fpl_by_hhsize,18162.0,False,66.67,0.0,66.67,0.0,3344.1492864
scf_2022,2022,8932,893,22,18-24,0.0,3,,1,1.0,income_vs_200fpl_by_hhsize,19118.0,False,66.67,0.0,66.67,0.0,3404.0713659
scf_2022,2022,8933,893,22,18-24,0.0,3,,1,1.0,income_vs_200fpl_by_hhsize,19118.0,False,66.67,0.0,66.67,0.0,3392.1535464
scf_2022,2022,8934,893,22,18-24,0.0,3,,1,1.0,income_vs_200fpl_by_hhsize,19118.0,False,66.67,0.0,66.67,0.0,3323.478254
scf_2022,2022,8935,893,22,18-24,0.0,3,,1,1.0,income_vs_200fpl_by_hhsize,19118.0,False,66.67,0.0,66.67,0.0,3402.4248557
scf_2022,2022,10611,1061,20,18-24,0.0,2,,3,0.0,income_vs_200fpl_by_hhsize,63090.0,False,66.67,33.33,33.33,25.0,1354.2038104
scf_2022,2022,10612,1061,20,18-24,0.0,2,,3,0.0,income_vs_200fpl_by_hhsize,55443.0,False,66.67,33.33,33.33,25.0,1354.4475017
scf_2022,2022,10613,1061,20,18-24,0.0,2,,3,0.0,income_vs_200fpl_by_hhsize,68826.0,False,66.67,33.33,33.33,25.0,1356.9114929
scf_2022,2022,10614,1061,20,18-24,0.0,2,,3,0.0,income_vs_200fpl_by_hhsize,51619.0,False,66.67,33.33,33.33,25.0,1353.9171288
scf_2022,2022,10615,1061,20,18-24,0.0,2,,3,0.0,income_vs_200fpl_by_hhsize,105150.0,False,66.67,33.33,33.33,25.0,1357.2708855
scf_2022,2022,11091,1109,20,18-24,1.0,3,,1,1.0,income_vs_200fpl_by_hhsize,19118.0,False,100.0,66.67,66.67,16.67,8016.0235526
scf_2022,2022,11092,1109,20,18-24,1.0,3,,1,1.0,income_vs_200fpl_by_hhsize,19118.0,False,100.0,66.67,66.67,16.67,8218.4526712
scf_2022,2022,11093,1109,20,18-24,1.0,3,,1,1.0,income_vs_200fpl_by_hhsize,19118.0,False,100.0,66.67,66.67,16.67,8125.9642031
scf_2022,2022,11094,1109,20,18-24,1.0,3,,1,1.0,income_vs_200fpl_by_hhsize,19118.0,False,100.0,66.67,66.67,16.67,8166.3380806
scf_2022,2022,11095,1109,20,18-24,1.0,3,,1,1.0,income_vs_200fpl_by_hhsize,19118.0,False,100.0,66.67,66.67,16.67,8152.6472948
scf_2022,2022,11341,1134,22,18-24,1.0,1,,4,1.0,income_vs_200fpl_by_hhsize,17206.0,False,33.33,33.33,100.0,50.0,3327.1034801
scf_2022,2022,11342,1134,22,18-24,1.0,1,,4,1.0,income_vs_200fpl_by_hhsize,17206.0,False,33.33,33.33,100.0,50.0,3345.34382
scf_2022,2022,11343,1134,22,18-24,1.0,1,,4,1.0,income_vs_200fpl_by_hhsize,17206.0,False,33.33,33.33,100.0,50.0,3294.2517775
scf_2022,2022,11344,1134,22,18-24,1.0,1,,4,1.0,income_vs_200fpl_by_hhsize,17206.0,False,33.33,33.33,100.0,50.0,3347.5361376
scf_2022,2022,11345,1134,22,18-24,1.0,1,,4,1.0,income_vs_200fpl_by_hhsize,17206.0,False,33.33,33.33,100.0,50.0,3302.0403159
scf_2022,2022,11731,1173,22,18-24,0.0,2,,3,1.0,income_vs_200fpl_by_hhsize,17206.0,False,66.67,0.0,66.67,50.0,13030.962557
scf_2022,2022,11732,1173,22,18-24,0.0,2,,3,1.0,income_vs_200fpl_by_hhsize,17206.0,False,66.67,0.0,66.67,50.0,13216.413373
scf_2022,2022,11733,1173,22,18-24,0.0,2,,3,1.0,income_vs_200fpl_by_hhsize,17206.0,False,66.67,0.0,66.67,50.0,13105.184306
scf_2022,2022,11734,1173,22,18-24,0.0,2,,3,1.0,income_vs_200fpl_by_hhsize,17206.0,False,66.67,0.0,66.67,50.0,13132.049877
scf_2022,2022,11735,1173,22,18-24,0.0,2,,3,1.0,income_vs_200fpl_by_hhsize,17206.0,False,66.67,0.0,66.67,50.0,13179.656048
scf_2022,2022,12091,1209,21,18-24,0.0,2,,2,1.0,income_vs_200fpl_by_hhsize,24854.0,False,33.33,66.67,100.0,41.67,3747.6326424
scf_2022,2022,12092,1209,21,18-24,0.0,2,,2,1.0,income_vs_200fpl_by_hhsize,31545.0,False,33.33,66.67,100.0,41.67,3873.1431824
scf_2022,2022,12093,1209,21,18-24,0.0,2,,2,1.0,income_vs_200fpl_by_hhsize,24854.0,False,33.33,66.67,100.0,41.67,3755.5807453
scf_2022,2022,12094,1209,21,18-24,0.0,2,,2,0.0,income_vs_200fpl_by_hhsize,36325.0,False,33.33,66.67,100.0,41.67,3865.9171049
scf_2022,2022,12095,1209,21,18-24,0.0,2,,2,0.0,income_vs_200fpl_by_hhsize,43972.0,False,33.33,66.67,100.0,41.67,3782.16811
scf_2022,2022,12631,1263,24,18-24,0.0,3,,1,0.0,income_vs_200fpl_by_hhsize,35369.0,False,66.67,33.33,33.33,58.33,13010.703004
scf_2022,2022,12632,1263,24,18-24,0.0,3,,1,0.0,income_vs_200fpl_by_hhsize,35369.0,False,66.67,33.33,33.33,58.33,13375.529908
scf_2022,2022,12633,1263,24,18-24,0.0,3,,1,0.0,income_vs_200fpl_by_hhsize,34413.0,False,66.67,33.33,33.33,58.33,13194.649649
scf_2022,2022,12634,1263,24,18-24,0.0,3,,1,0.0,income_vs_200fpl_by_hhsize,35369.0,False,66.67,33.33,33.33,58.33,13336.607606
scf_2022,2022,12635,1263,24,18-24,0.0,3,,1,0.0,income_vs_200fpl_by_hhsize,35369.0,False,66.67,33.33,33.33,58.33,13260.228798
scf_2022,2022,12691,1269,22,18-24,1.0,4,,1,0.0,income_vs_200fpl_by_hhsize,37280.0,False,100.0,100.0,66.67,41.67,8147.2496259
scf_2022,2022,12692,1269,22,18-24,1.0,4,,1,0.0,income_vs_200fpl_by_hhsize,36325.0,False,100.0,100.0,66.67,41.67,8375.6648156
scf_2022,2022,12693,1269,22,18-24,1.0,4,,1,0.0,income_vs_200fpl_by_hhsize,37280.0,False,100.0,100.0,66.67,41.67,8153.9569584
scf_2022,2022,12694,1269,22,18-24,1.0,4,,1,0.0,income_vs_200fpl_by_hhsize,36325.0,False,100.0,100.0,66.67,41.67,8314.726845
scf_2022,2022,12695,1269,22,18-24,1.0,4,,1,0.0,income_vs_200fpl_by_hhsize,36325.0,False,100.0,100.0,66.67,41.67,8244.5330977
scf_2022,2022,13021,1302,23,18-24,0.0,4,,1,1.0,income_vs_200fpl_by_hhsize,13383.0,False,100.0,100.0,100.0,16.67,3341.6630267
scf_2022,2022,13022,1302,23,18-24,0.0,4,,1,1.0,income_vs_200fpl_by_hhsize,13383.0,False,100.0,100.0,100.0,16.67,3401.5405562
scf_2022,2022,13023,1302,23,18-24,0.0,4,,1,1.0,income_vs_200fpl_by_hhsize,13383.0,False,100.0,100.0,100.0,16.67,3389.6315972
scf_2022,2022,13024,1302,23,18-24,0.0,4,,1,1.0,income_vs_200fpl_by_hhsize,13383.0,False,100.0,100.0,100.0,16.67,3321.0073625
scf_2022,2022,13025,1302,23,18-24,0.0,4,,1,1.0,income_vs_200fpl_by_hhsize,13383.0,False,100.0,100.0,100.0,16.67,3399.8952701
scf_2022,2022,14761,1476,24,18-24,0.0,4,,2,0.0,income_vs_200fpl_by_hhsize,63090.0,False,33.33,33.33,66.67,33.33,4921.6699775
scf_2022,2022,14762,1476,24,18-24,0.0,4,,2,0.0,income_vs_200fpl_by_hhsize,63090.0,False,33.33,33.33,66.67,33.33,5087.6638158
scf_2022,2022,14763,1476,24,18-24,0.0,4,,2,0.0,income_vs_200fpl_by_hhsize,63090.0,False,33.33,33.33,66.67,33.33,4935.3794032
scf_2022,2022,14764,1476,24,18-24,0.0,4,,2,0.0,income_vs_200fpl_by_hhsize,63090.0,False,33.33,33.33,66.67,33.33,5045.5775089
scf_2022,2022,14765,1476,24,18-24,0.0,4,,2,0.0,income_vs_200fpl_by_hhsize,63090.0,False,33.33,33.33,66.67,33.33,5057.6184209
scf_2022,2022,14931,1493,22,18-24,1.0,4,,1,1.0,income_vs_200fpl_by_hhsize,11471.0,False,66.67,0.0,100.0,25.0,2947.0360545
scf_2022,2022,14932,1493,22,18-24,1.0,4,,1,1.0,income_vs_200fpl_by_hhsize,11471.0,False,66.67,0.0,100.0,25.0,2978.9325776
scf_2022,2022,14933,1493,22,18-24,1.0,4,,1,1.0,income_vs_200fpl_by_hhsize,11471.0,False,66.67,0.0,100.0,25.0,2947.2941056
scf_2022,2022,14934,1493,22,18-24,1.0,4,,1,1.0,income_vs_200fpl_by_hhsize,11471.0,False,66.67,0.0,100.0,25.0,2919.1939737
scf_2022,2022,14935,1493,22,18-24,1.0,4,,1,1.0,income_vs_200fpl_by_hhsize,11471.0,False,66.67,0.0,100.0,25.0,3056.6001082
scf_2022,2022,15561,1556,23,18-24,0.0,2,,1,0.0,income_vs_200fpl_by_hhsize,74561.0,False,33.33,33.33,66.67,0.0,5886.461737
scf_2022,2022,15562,1556,23,18-24,0.0,2,,1,0.0,income_vs_200fpl_by_hhsize,74561.0,False,33.33,33.33,66.67,0.0,6039.6511148
scf_2022,2022,15563,1556,23,18-24,0.0,2,,1,0.0,income_vs_200fpl_by_hhsize,74561.0,False,33.33,33.33,66.67,0.0,5820.0840954
scf_2022,2022,15564,1556,23,18-24,0.0,2,,1,0.0,income_vs_200fpl_by_hhsize,74561.0,False,33.33,33.33,66.67,0.0,5971.1418329
scf_2022,2022,15565,1556,23,18-24,0.0,2,,1,0.0,income_vs_200fpl_by_hhsize,74561.0,False,33.33,33.33,66.67,0.0,5840.9768023
scf_2022,2022,16181,1618,24,18-24,0.0,2,,1,0.0,income_vs_200fpl_by_hhsize,57355.0,False,100.0,66.67,66.67,33.33,16487.560737
scf_2022,2022,16182,1618,24,18-24,0.0,2,,1,0.0,income_vs_200fpl_by_hhsize,57355.0,False,100.0,66.67,66.67,33.33,16298.626771
scf_2022,2022,16183,1618,24,18-24,0.0,2,,1,0.0,income_vs_200fpl_by_hhsize,57355.0,False,100.0,66.67,66.67,33.33,16404.001
scf_2022,2022,16184,1618,24,18-24,0.0,2,,1,0.0,income_vs_200fpl_by_hhsize,57355.0,False,100.0,66.67,66.67,33.33,16483.979006
scf_2022,2022,16185,1618,24,18-24,0.0,2,,1,0.0,income_vs_200fpl_by_hhsize,57355.0,False,100.0,66.67,66.67,33.33,16254.48464
scf_2022,2022,16371,1637,21,18-24,1.0,4,,1,1.0,income_vs_200fpl_by_hhsize,19118.0,False,0.0,0.0,66.67,33.33,2581.8469653
scf_2022,2022,16372,1637,21,18-24,1.0,4,,1,1.0,income_vs_200fpl_by_hhsize,19118.0,False,0.0,0.0,66.67,33.33,2577.2870166
scf_2022,2022,16373,1637,21,18-24,1.0,4,,1,1.0,income_vs_200fpl_by_hhsize,17206.0,False,0.0,0.0,66.67,33.33,2587.930594
scf_2022,2022,16374,1637,21,18-24,1.0,4,,1,1.0,income_vs_200fpl_by_hhsize,22942.0,False,0.0,0.0,66.67,33.33,2613.8405391
scf_2022,2022,16375,1637,21,18-24,1.0,4,,1,1.0,income_vs_200fpl_by_hhsize,20074.0,False,0.0,0.0,66.67,33.33,2590.0111045
scf_2022,2022,17661,1766,24,18-24,0.0,4,,1,1.0,income_vs_200fpl_by_hhsize,6500.0,False,100.0,66.67,100.0,16.67,3261.4284943
scf_2022,2022,17662,1766,24,18-24,0.0,4,,1,1.0,income_vs_200fpl_by_hhsize,6596.0,False,100.0,66.67,100.0,16.67,3307.8436821
scf_2022,2022,17663,1766,24,18-24,0.0,4,,1,1.0,income_vs_200fpl_by_hhsize,6500.0,False,100.0,66.67,100.0,16.67,3280.0049369
scf_2022,2022,17664,1766,24,18-24,0.0,4,,1,1.0,income_vs_200fpl_by_hhsize,6500.0,False,100.0,66.67,100.0,16.67,3286.7289327
scf_2022,2022,17665,1766,24,18-24,0.0,4,,1,1.0,income_vs_200fpl_by_hhsize,6500.0,False,100.0,66.67,100.0,16.67,3298.6439484
scf_2022,2022,18461,1846,21,18-24,0.0,2,,2,0.0,income_vs_200fpl_by_hhsize,39192.0,False,0.0,33.33,66.67,33.33,6369.9697265
scf_2022,2022,18462,1846,21,18-24,0.0,2,,2,0.0,income_vs_200fpl_by_hhsize,39192.0,False,0.0,33.33,66.67,33.33,6279.9012575
scf_2022,2022,18463,1846,21,18-24,0.0,2,,2,0.0,income_vs_200fpl_by_hhsize,40148.0,False,0.0,33.33,66.67,33.33,6335.0430059
scf_2022,2022,18464,1846,21,18-24,0.0,2,,2,0.0,income_vs_200fpl_by_hhsize,40148.0,False,0.0,33.33,66.67,33.33,6329.4616589
scf_2022,2022,18465,1846,21,18-24,0.0,2,,2,0.0,income_vs_200fpl_by_hhsize,40148.0,False,0.0,33.33,66.67,33.33,6266.7674562
scf_2022,2022,18661,1866,20,18-24,0.0,2,,2,0.0,income_vs_200fpl_by_hhsize,92723.0,False,66.67,66.67,66.67,66.67,11457.325264
scf_2022,2022,18662,1866,20,18-24,0.0,2,,2,0.0,income_vs_200fpl_by_hhsize,92723.0,False,66.67,66.67,66.67,66.67,11746.657779
scf_2022,2022,18663,1866,20,18-24,0.0,2,,2,0.0,income_vs_200fpl_by_hhsize,92723.0,False,66.67,66.67,66.67,66.67,11614.463748
scf_2022,2022,18664,1866,20,18-24,0.0,2,,2,0.0,income_vs_200fpl_by_hhsize,92723.0,False,66.67,66.67,66.67,66.67,11672.170246
scf_2022,2022,18665,1866,20,18-24,0.0,2,,2,0.0,income_vs_200fpl_by_hhsize,92723.0,False,66.67,66.67,66.67,66.67,11652.601967
scf_2022,2022,18961,1896,24,18-24,1.0,3,,1,0.0,income_vs_200fpl_by_hhsize,41104.0,False,33.33,0.0,33.33,8.33,2862.929015
scf_2022,2022,18962,1896,24,18-24,1.0,3,,1,0.0,income_vs_200fpl_by_hhsize,41104.0,False,33.33,0.0,33.33,8.33,2880.834668
scf_2022,2022,18963,1896,24,18-24,1.0,3,,1,0.0,income_vs_200fpl_by_hhsize,41104.0,False,33.33,0.0,33.33,8.33,2836.8533039
scf_2022,2022,18964,1896,24,18-24,1.0,3,,1,0.0,income_vs_200fpl_by_hhsize,41104.0,False,33.33,0.0,33.33,8.33,2934.852817
scf_2022,2022,18965,1896,24,18-24,1.0,3,,1,0.0,income_vs_200fpl_by_hhsize,41104.0,False,33.33,0.0,33.33,8.33,2849.8752881
scf_2022,2022,19221,1922,24,18-24,0.0,4,,1,1.0,income_vs_200fpl_by_hhsize,19118.0,False,66.67,33.33,100.0,41.67,22938.666879
scf_2022,2022,19222,1922,24,18-24,0.0,4,,1,1.0,income_vs_200fpl_by_hhsize,19118.0,False,66.67,33.33,100.0,41.67,22614.324583
scf_2022,2022,19223,1922,24,18-24,0.0,4,,1,1.0,income_vs_200fpl_by_hhsize,19118.0,False,66.67,33.33,100.0,41.67,22812.893532
scf_2022,2022,19224,1922,24,18-24,0.0,4,,1,1.0,income_vs_200fpl_by_hhsize,19118.0,False,66.67,33.33,100.0,41.67,22792.794746
scf_2022,2022,19225,1922,24,18-24,0.0,4,,1,1.0,income_vs_200fpl_by_hhsize,19118.0,False,66.67,33.33,100.0,41.67,22567.028928
scf_2022,2022,20251,2025,24,18-24,0.0,4,,2,0.0,income_vs_200fpl_by_hhsize,86988.0,False,100.0,100.0,100.0,25.0,11277.23277
scf_2022,2022,20252,2025,24,18-24,0.0,4,,2,0.0,income_vs_200fpl_by_hhsize,86988.0,False,100.0,100.0,100.0,25.0,11324.667157
scf_2022,2022,20253,2025,24,18-24,0.0,4,,2,0.0,income_vs_200fpl_by_hhsize,86988.0,False,100.0,100.0,100.0,25.0,12200.402764
scf_2022,2022,20254,2025,24,18-24,0.0,4,,2,0.0,income_vs_200fpl_by_hhsize,86988.0,False,100.0,100.0,100.0,25.0,11639.433731
scf_2022,2022,20255,2025,24,18-24,0.0,4,,2,0.0,income_vs_200fpl_by_hhsize,86988.0,False,100.0,100.0,100.0,25.0,12387.969949
scf_2022,2022,20531,2053,23,18-24,0.0,2,,2,0.0,income_vs_200fpl_by_hhsize,43016.0,False,66.67,33.33,100.0,16.67,14566.473187
scf_2022,2022,20532,2053,23,18-24,0.0,2,,2,0.0,income_vs_200fpl_by_hhsize,43016.0,False,66.67,33.33,100.0,16.67,14657.576464
scf_2022,2022,20533,2053,23,18-24,0.0,2,,2,0.0,income_vs_200fpl_by_hhsize,43016.0,False,66.67,33.33,100.0,16.67,14433.800968
scf_2022,2022,20534,2053,23,18-24,0.0,2,,2,0.0,income_vs_200fpl_by_hhsize,43016.0,False,66.67,33.33,100.0,16.67,14932.418737
scf_2022,2022,20535,2053,23,18-24,0.0,2,,2,0.0,income_vs_200fpl_by_hhsize,43016.0,False,66.67,33.33,100.0,16.67,14500.056325
scf_2022,2022,21001,2100,24,18-24,0.0,1,,2,0.0,income_vs_200fpl_by_hhsize,43972.0,False,33.33,33.33,33.33,8.33,4579.1487334
scf_2022,2022,21002,2100,24,18-24,0.0,1,,2,0.0,income_vs_200fpl_by_hhsize,43972.0,False,33.33,33.33,33.33,8.33,4707.5504543
scf_2022,2022,21003,2100,24,18-24,0.0,1,,2,0.0,income_vs_200fpl_by_hhsize,43972.0,False,33.33,33.33,33.33,8.33,4643.8892049
scf_2022,2022,21004,2100,24,18-24,0.0,1,,2,0.0,income_vs_200fpl_by_hhsize,43972.0,False,33.33,33.33,33.33,8.33,4693.851655
scf_2022,2022,21005,2100,24,18-24,0.0,1,,2,0.0,income_vs_200fpl_by_hhsize,43972.0,False,33.33,33.33,33.33,8.33,4666.9699469
scf_2022,2022,21491,2149,22,18-24,0.0,4,,1,0.0,income_vs_200fpl_by_hhsize,25810.0,False,100.0,33.33,100.0,33.33,2219.2756593
scf_2022,2022,21492,2149,22,18-24,0.0,4,,1,1.0,income_vs_200fpl_by_hhsize,23898.0,False,100.0,33.33,100.0,33.33,2222.1859871
scf_2022,2022,21493,2149,22,18-24,0.0,4,,1,0.0,income_vs_200fpl_by_hhsize,30589.0,False,100.0,33.33,100.0,33.33,2389.3066394
scf_2022,2022,21494,2149,22,18-24,0.0,4,,1,0.0,income_vs_200fpl_by_hhsize,39192.0,False,100.0,33.33,100.0,33.33,2274.7089116
scf_2022,2022,21495,2149,22,18-24,0.0,4,,1,0.0,income_vs_200fpl_by_hhsize,26765.0,False,100.0,33.33,100.0,33.33,2425.6505642
scf_2022,2022,21681,2168,24,18-24,1.0,4,,1,0.0,income_vs_200fpl_by_hhsize,25810.0,False,100.0,0.0,66.67,33.33,2893.9928144
scf_2022,2022,21682,2168,24,18-24,1.0,4,,1,0.0,income_vs_200fpl_by_hhsize,37280.0,False,100.0,0.0,66.67,33.33,2928.682197
scf_2022,2022,21683,2168,24,18-24,1.0,4,,1,0.0,income_vs_200fpl_by_hhsize,28677.0,False,100.0,0.0,66.67,33.33,3133.8444686
scf_2022,2022,21684,2168,24,18-24,1.0,4,,1,0.0,income_vs_200fpl_by_hhsize,43972.0,False,100.0,0.0,66.67,33.33,3039.5611772
scf_2022,2022,21685,2168,24,18-24,1.0,4,,1,0.0,income_vs_200fpl_by_hhsize,25810.0,False,100.0,0.0,66.67,33.33,3194.4456159
scf_2022,2022,21761,2176,22,18-24,1.0,4,,1,1.0,income_vs_200fpl_by_hhsize,10515.0,False,100.0,33.33,100.0,16.67,3139.7218499
scf_2022,2022,21762,2176,22,18-24,1.0,4,,1,1.0,income_vs_200fpl_by_hhsize,10515.0,False,100.0,33.33,100.0,16.67,3219.0094322
scf_2022,2022,21763,2176,22,18-24,1.0,4,,1,1.0,income_vs_200fpl_by_hhsize,10515.0,False,100.0,33.33,100.0,16.67,3182.7834827
scf_2022,2022,21764,2176,22,18-24,1.0,4,,1,1.0,income_vs_200fpl_by_hhsize,9559.0,False,100.0,33.33,100.0,16.67,3198.597152
scf_2022,2022,21765,2176,22,18-24,1.0,4,,1,1.0,income_vs_200fpl_by_hhsize,9559.0,False,100.0,33.33,100.0,16.67,3193.2347352
scf_2022,2022,21921,2192,23,18-24,0.0,4,,4,1.0,income_vs_200fpl_by_hhsize,36325.0,False,100.0,66.67,100.0,16.67,3386.9495245
scf_2022,2022,21922,2192,23,18-24,0.0,4,,4,1.0,income_vs_200fpl_by_hhsize,36325.0,False,100.0,66.67,100.0,16.67,3472.4803619
scf_2022,2022,21923,2192,23,18-24,0.0,4,,4,1.0,income_vs_200fpl_by_hhsize,36325.0,False,100.0,66.67,100.0,16.67,3433.4019122
scf_2022,2022,21924,2192,23,18-24,0.0,4,,4,1.0,income_vs_200fpl_by_hhsize,37280.0,False,100.0,66.67,100.0,16.67,3450.4607799
scf_2022,2022,21925,2192,23,18-24,0.0,4,,4,1.0,income_vs_200fpl_by_hhsize,36325.0,False,100.0,66.67,100.0,16.67,3444.6761162
scf_2022,2022,22911,2291,21,18-24,0.0,1,,4,1.0,income_vs_200fpl_by_hhsize,20074.0,False,100.0,0.0,100.0,16.67,6722.3890327
scf_2022,2022,22912,2291,21,18-24,0.0,1,,4,1.0,income_vs_200fpl_by_hhsize,20074.0,False,100.0,0.0,100.0,16.67,6910.8883305
scf_2022,2022,22913,2291,21,18-24,0.0,1,,4,1.0,income_vs_200fpl_by_hhsize,20074.0,False,100.0,0.0,100.0,16.67,6817.430854
scf_2022,2022,22914,2291,21,18-24,0.0,1,,4,1.0,income_vs_200fpl_by_hhsize,20074.0,False,100.0,0.0,100.0,16.67,6890.7778987
scf_2022,2022,22915,2291,21,18-24,0.0,1,,4,1.0,income_vs_200fpl_by_hhsize,21030.0,False,100.0,0.0,100.0,16.67,6851.3143847
scf_2022,2022,23001,2300,22,18-24,0.0,2,,1,0.0,income_vs_200fpl_by_hhsize,27721.0,False,66.67,66.67,66.67,58.33,10467.522462
scf_2022,2022,23002,2300,22,18-24,0.0,2,,1,0.0,income_vs_200fpl_by_hhsize,27721.0,False,66.67,66.67,66.67,58.33,10319.516464
scf_2022,2022,23003,2300,22,18-24,0.0,2,,1,0.0,income_vs_200fpl_by_hhsize,27721.0,False,66.67,66.67,66.67,58.33,10410.128746
scf_2022,2022,23004,2300,22,18-24,0.0,2,,1,0.0,income_vs_200fpl_by_hhsize,27721.0,False,66.67,66.67,66.67,58.33,10400.957136
scf_2022,2022,23005,2300,22,18-24,0.0,2,,1,0.0,income_vs_200fpl_by_hhsize,27721.0,False,66.67,66.67,66.67,58.33,10297.934202
scf_2022,2022,24171,2417,21,18-24,1.0,4,,1,1.0,income_vs_200fpl_by_hhsize,14339.0,False,66.67,66.67,66.67,33.33,5233.7914535
scf_2022,2022,24172,2417,21,18-24,1.0,4,,1,1.0,income_vs_200fpl_by_hhsize,16250.0,False,66.67,66.67,66.67,33.33,5220.5396562
scf_2022,2022,24173,2417,21,18-24,1.0,4,,1,1.0,income_vs_200fpl_by_hhsize,12427.0,False,66.67,66.67,66.67,33.33,5242.0688846
scf_2022,2022,24174,2417,21,18-24,1.0,4,,1,1.0,income_vs_200fpl_by_hhsize,14339.0,False,66.67,66.67,66.67,33.33,5200.5374202
scf_2022,2022,24175,2417,21,18-24,1.0,4,,1,1.0,income_vs_200fpl_by_hhsize,13383.0,False,66.67,66.67,66.67,33.33,5234.6582135
scf_2022,2022,24741,2474,23,18-24,0.0,3,,1,1.0,income_vs_200fpl_by_hhsize,8603.0,False,66.67,33.33,66.67,8.33,10939.943067
scf_2022,2022,24742,2474,23,18-24,0.0,3,,1,1.0,income_vs_200fpl_by_hhsize,8603.0,False,66.67,33.33,66.67,8.33,11306.328541
scf_2022,2022,24743,2474,23,18-24,0.0,3,,1,1.0,income_vs_200fpl_by_hhsize,8603.0,False,66.67,33.33,66.67,8.33,10963.144859
scf_2022,2022,24744,2474,23,18-24,0.0,3,,1,1.0,income_vs_200fpl_by_hhsize,8603.0,False,66.67,33.33,66.67,8.33,11285.234457
scf_2022,2022,24745,2474,23,18-24,0.0,3,,1,1.0,income_vs_200fpl_by_hhsize,8603.0,False,66.67,33.33,66.67,8.33,11040.757657
scf_2022,2022,25181,2518,23,18-24,0.0,4,,1,0.0,income_vs_200fpl_by_hhsize,27721.0,False,66.67,66.67,66.67,8.33,14668.282637
scf_2022,2022,25182,2518,23,18-24,0.0,4,,1,0.0,income_vs_200fpl_by_hhsize,25810.0,False,66.67,66.67,66.67,8.33,15038.701649
scf_2022,2022,25183,2518,23,18-24,0.0,4,,1,0.0,income_vs_200fpl_by_hhsize,30589.0,False,66.67,66.67,66.67,8.33,14869.459757
scf_2022,2022,25184,2518,23,18-24,0.0,4,,1,0.0,income_vs_200fpl_by_hhsize,25810.0,False,66.67,66.67,66.67,8.33,14943.338712
scf_2022,2022,25185,2518,23,18-24,0.0,4,,1,0.0,income_vs_200fpl_by_hhsize,29633.0,False,66.67,66.67,66.67,8.33,14918.286351
scf_2022,2022,25471,2547,19,18-24,1.0,3,,1,1.0,income_vs_200fpl_by_hhsize,6118.0,False,33.33,33.33,33.33,25.0,2372.5052681
scf_2022,2022,25472,2547,19,18-24,1.0,3,,1,1.0,income_vs_200fpl_by_hhsize,6118.0,False,33.33,33.33,33.33,25.0,2384.1120059
scf_2022,2022,25473,2547,19,18-24,1.0,3,,1,1.0,income_vs_200fpl_by_hhsize,6118.0,False,33.33,33.33,33.33,25.0,2349.5635412
scf_2022,2022,25474,2547,19,18-24,1.0,3,,1,1.0,income_vs_200fpl_by_hhsize,6118.0,False,33.33,33.33,33.33,25.0,2385.5951905
scf_2022,2022,25475,2547,19,18-24,1.0,3,,1,1.0,income_vs_200fpl_by_hhsize,6213.0,False,33.33,33.33,33.33,25.0,2354.305745
scf_2022,2022,25511,2551,21,18-24,1.0,2,,3,1.0,income_vs_200fpl_by_hhsize,16250.0,False,33.33,33.33,66.67,25.0,12649.395308
scf_2022,2022,25512,2551,21,18-24,1.0,2,,3,1.0,income_vs_200fpl_by_hhsize,24854.0,False,33.33,33.33,66.67,25.0,12897.43024
scf_2022,2022,25513,2551,21,18-24,1.0,2,,3,1.0,income_vs_200fpl_by_hhsize,21986.0,False,33.33,33.33,66.67,25.0,12570.697974
scf_2022,2022,25514,2551,21,18-24,1.0,2,,3,1.0,income_vs_200fpl_by_hhsize,19118.0,False,33.33,33.33,66.67,25.0,12828.524439
scf_2022,2022,25515,2551,21,18-24,1.0,2,,3,1.0,income_vs_200fpl_by_hhsize,17206.0,False,33.33,33.33,66.67,25.0,12668.666561
scf_2022,2022,25721,2572,24,18-24,0.0,3,,2,1.0,income_vs_200fpl_by_hhsize,11471.0,False,66.67,0.0,33.33,66.67,13552.733577
scf_2022,2022,25722,2572,24,18-24,0.0,3,,2,1.0,income_vs_200fpl_by_hhsize,12427.0,False,66.67,0.0,33.33,66.67,13599.506941
scf_2022,2022,25723,2572,24,18-24,0.0,3,,2,1.0,income_vs_200fpl_by_hhsize,10515.0,False,66.67,0.0,33.33,66.67,13664.066919
scf_2022,2022,25724,2572,24,18-24,0.0,3,,2,1.0,income_vs_200fpl_by_hhsize,12427.0,False,66.67,0.0,33.33,66.67,13578.481816
scf_2022,2022,25725,2572,24,18-24,0.0,3,,2,1.0,income_vs_200fpl_by_hhsize,11471.0,False,66.67,0.0,33.33,66.67,13647.27315
scf_2022,2022,27351,2735,23,18-24,0.0,3,,2,0.0,income_vs_200fpl_by_hhsize,114709.0,False,33.33,33.33,66.67,33.33,8133.0435803
scf_2022,2022,27352,2735,23,18-24,0.0,3,,2,0.0,income_vs_200fpl_by_hhsize,114709.0,False,33.33,33.33,66.67,33.33,8458.3128155
scf_2022,2022,27353,2735,23,18-24,0.0,3,,2,0.0,income_vs_200fpl_by_hhsize,114709.0,False,33.33,33.33,66.67,33.33,8108.8356377
scf_2022,2022,27354,2735,23,18-24,0.0,3,,2,0.0,income_vs_200fpl_by_hhsize,114709.0,False,33.33,33.33,66.67,33.33,8391.5994271
scf_2022,2022,27355,2735,23,18-24,0.0,3,,2,0.0,income_vs_200fpl_by_hhsize,114709.0,False,33.33,33.33,66.67,33.33,8132.1790134
scf_2022,2022,27401,2740,21,18-24,1.0,3,,1,1.0,income_vs_200fpl_by_hhsize,14339.0,False,66.67,33.33,100.0,58.33,22400.924903
scf_2022,2022,27402,2740,21,18-24,1.0,3,,1,1.0,income_vs_200fpl_by_hhsize,14339.0,False,66.67,33.33,100.0,58.33,22084.186033
scf_2022,2022,27403,2740,21,18-24,1.0,3,,1,1.0,income_vs_200fpl_by_hhsize,14339.0,False,66.67,33.33,100.0,58.33,22278.10001
scf_2022,2022,27404,2740,21,18-24,1.0,3,,1,1.0,income_vs_200fpl_by_hhsize,14339.0,False,66.67,33.33,100.0,58.33,22258.472392
scf_2022,2022,27405,2740,21,18-24,1.0,3,,1,1.0,income_vs_200fpl_by_hhsize,14339.0,False,66.67,33.33,100.0,58.33,22037.999111
scf_2022,2022,27861,2786,20,18-24,1.0,2,,2,0.0,income_vs_200fpl_by_hhsize,38236.0,False,33.33,33.33,100.0,25.0,15892.201562
scf_2022,2022,27862,2786,20,18-24,1.0,2,,2,0.0,income_vs_200fpl_by_hhsize,38236.0,False,33.33,33.33,100.0,25.0,16118.372248
scf_2022,2022,27863,2786,20,18-24,1.0,2,,2,0.0,income_vs_200fpl_by_hhsize,38236.0,False,33.33,33.33,100.0,25.0,15982.720355
scf_2022,2022,27864,2786,20,18-24,1.0,2,,2,0.0,income_vs_200fpl_by_hhsize,38236.0,False,33.33,33.33,100.0,25.0,16015.484862
scf_2022,2022,27865,2786,20,18-24,1.0,2,,2,0.0,income_vs_200fpl_by_hhsize,38236.0,False,33.33,33.33,100.0,25.0,16073.544032
scf_2022,2022,28021,2802,19,18-24,1.0,3,,1,1.0,income_vs_200fpl_by_hhsize,6787.0,False,33.33,33.33,100.0,25.0,14670.304652
scf_2022,2022,28022,2802,19,18-24,1.0,3,,1,1.0,income_vs_200fpl_by_hhsize,6787.0,False,33.33,33.33,100.0,25.0,14633.159896
scf_2022,2022,28023,2802,19,18-24,1.0,3,,1,1.0,income_vs_200fpl_by_hhsize,6787.0,False,33.33,33.33,100.0,25.0,14693.506271
scf_2022,2022,28024,2802,19,18-24,1.0,3,,1,1.0,income_vs_200fpl_by_hhsize,6787.0,False,33.33,33.33,100.0,25.0,14577.093678
scf_2022,2022,28025,2802,19,18-24,1.0,3,,1,1.0,income_vs_200fpl_by_hhsize,6787.0,False,33.33,33.33,100.0,25.0,14672.734178
scf_2022,2022,28391,2839,23,18-24,0.0,3,,1,1.0,income_vs_200fpl_by_hhsize,23898.0,False,66.67,66.67,100.0,16.67,1964.5765759
scf_2022,2022,28392,2839,23,18-24,0.0,3,,1,1.0,income_vs_200fpl_by_hhsize,23898.0,False,66.67,66.67,100.0,16.67,1942.0641345
scf_2022,2022,28393,2839,23,18-24,0.0,3,,1,1.0,income_vs_200fpl_by_hhsize,23898.0,False,66.67,66.67,100.0,16.67,1954.6200089
scf_2022,2022,28394,2839,23,18-24,0.0,3,,1,1.0,income_vs_200fpl_by_hhsize,23898.0,False,66.67,66.67,100.0,16.67,1964.1497944
scf_2022,2022,28395,2839,23,18-24,0.0,3,,1,1.0,income_vs_200fpl_by_hhsize,23898.0,False,66.67,66.67,100.0,16.67,1936.8043754
scf_2022,2022,29311,2931,22,18-24,0.0,2,,4,1.0,income_vs_200fpl_by_hhsize,33457.0,False,33.33,33.33,100.0,25.0,10868.908804
scf_2022,2022,29312,2931,22,18-24,0.0,2,,4,1.0,income_vs_200fpl_by_hhsize,33457.0,False,33.33,33.33,100.0,25.0,11143.382003
scf_2022,2022,29313,2931,22,18-24,0.0,2,,4,1.0,income_vs_200fpl_by_hhsize,33457.0,False,33.33,33.33,100.0,25.0,11017.977092
scf_2022,2022,29314,2931,22,18-24,0.0,2,,4,1.0,income_vs_200fpl_by_hhsize,33457.0,False,33.33,33.33,100.0,25.0,11072.719944
scf_2022,2022,29315,2931,22,18-24,0.0,2,,4,1.0,income_vs_200fpl_by_hhsize,33457.0,False,33.33,33.33,100.0,25.0,11054.156637
scf_2022,2022,29691,2969,21,18-24,0.0,2,,1,1.0,income_vs_200fpl_by_hhsize,14339.0,False,66.67,0.0,33.33,66.67,13161.892165
scf_2022,2022,29692,2969,21,18-24,0.0,2,,1,1.0,income_vs_200fpl_by_hhsize,14339.0,False,66.67,0.0,33.33,66.67,13164.26067
scf_2022,2022,29693,2969,21,18-24,0.0,2,,1,1.0,income_vs_200fpl_by_hhsize,18162.0,False,66.67,0.0,33.33,66.67,13188.208902
scf_2022,2022,29694,2969,21,18-24,0.0,2,,1,1.0,income_vs_200fpl_by_hhsize,14339.0,False,66.67,0.0,33.33,66.67,13159.105825
scf_2022,2022,29695,2969,21,18-24,0.0,2,,1,1.0,income_vs_200fpl_by_hhsize,14339.0,False,66.67,0.0,33.33,66.67,13191.701941
scf_2022,2022,30351,3035,18,18-24,0.0,2,,2,0.0,income_vs_200fpl_by_hhsize,149122.0,False,33.33,66.67,100.0,8.33,3362.1117575
scf_2022,2022,30352,3035,18,18-24,0.0,2,,2,0.0,income_vs_200fpl_by_hhsize,149122.0,False,33.33,66.67,100.0,8.33,3360.7430484
scf_2022,2022,30353,3035,18,18-24,0.0,2,,2,0.0,income_vs_200fpl_by_hhsize,149122.0,False,33.33,66.67,100.0,8.33,3369.5287288
scf_2022,2022,30354,3035,18,18-24,0.0,2,,2,0.0,income_vs_200fpl_by_hhsize,149122.0,False,33.33,66.67,100.0,8.33,3359.3155189
scf_2022,2022,30355,3035,18,18-24,0.0,2,,2,0.0,income_vs_200fpl_by_hhsize,149122.0,False,33.33,66.67,100.0,8.33,3369.2579461
scf_2022,2022,30401,3040,23,18-24,0.0,2,,1,1.0,income_vs_200fpl_by_hhsize,23898.0,False,100.0,66.67,66.67,25.0,15892.201562
scf_2022,2022,30402,3040,23,18-24,0.0,2,,1,1.0,income_vs_200fpl_by_hhsize,23898.0,False,100.0,66.67,66.67,25.0,16118.372248
scf_2022,2022,30403,3040,23,18-24,0.0,2,,1,1.0,income_vs_200fpl_by_hhsize,23898.0,False,100.0,66.67,66.67,25.0,15982.720355
scf_2022,2022,30404,3040,23,18-24,0.0,2,,1,1.0,income_vs_200fpl_by_hhsize,23898.0,False,100.0,66.67,66.67,25.0,16015.484862
scf_2022,2022,30405,3040,23,18-24,0.0,2,,1,1.0,income_vs_200fpl_by_hhsize,23898.0,False,100.0,66.67,66.67,25.0,16073.544032
scf_2022,2022,30451,3045,23,18-24,0.0,4,,1,0.0,income_vs_200fpl_by_hhsize,53531.0,False,66.67,33.33,100.0,8.33,25383.998207
scf_2022,2022,30452,3045,23,18-24,0.0,4,,1,0.0,income_vs_200fpl_by_hhsize,53531.0,False,66.67,33.33,100.0,8.33,25004.136962
scf_2022,2022,30453,3045,23,18-24,0.0,4,,1,0.0,income_vs_200fpl_by_hhsize,53531.0,False,66.67,33.33,100.0,8.33,24988.102405
scf_2022,2022,30454,3045,23,18-24,0.0,4,,1,0.0,income_vs_200fpl_by_hhsize,53531.0,False,66.67,33.33,100.0,8.33,25163.343613
scf_2022,2022,30455,3045,23,18-24,0.0,4,,1,0.0,income_vs_200fpl_by_hhsize,53531.0,False,66.67,33.33,100.0,8.33,24786.373878
scf_2022,2022,30531,3053,22,18-24,0.0,2,,2,0.0,income_vs_200fpl_by_hhsize,81252.0,False,66.67,33.33,66.67,33.33,1544.5362778
scf_2022,2022,30532,3053,22,18-24,0.0,2,,2,0.0,income_vs_200fpl_by_hhsize,83164.0,False,66.67,33.33,66.67,33.33,1700.1089398
scf_2022,2022,30533,3053,22,18-24,0.0,2,,2,0.0,income_vs_200fpl_by_hhsize,81252.0,False,66.67,33.33,66.67,33.33,1819.1200959
scf_2022,2022,30534,3053,22,18-24,0.0,2,,2,0.0,income_vs_200fpl_by_hhsize,81252.0,False,66.67,33.33,66.67,33.33,1652.6903884
scf_2022,2022,30535,3053,22,18-24,0.0,2,,2,0.0,income_vs_200fpl_by_hhsize,83164.0,False,66.67,33.33,66.67,33.33,1579.4656381
scf_2022,2022,31481,3148,23,18-24,0.0,4,,1,0.0,income_vs_200fpl_by_hhsize,46840.0,False,100.0,66.67,66.67,33.33,25383.998207
scf_2022,2022,31482,3148,23,18-24,0.0,4,,1,0.0,income_vs_200fpl_by_hhsize,45884.0,False,100.0,66.67,66.67,33.33,25004.136962
scf_2022,2022,31483,3148,23,18-24,0.0,4,,1,0.0,income_vs_200fpl_by_hhsize,46840.0,False,100.0,66.67,66.67,33.33,24988.102405
scf_2022,2022,31484,3148,23,18-24,0.0,4,,1,0.0,income_vs_200fpl_by_hhsize,46840.0,False,100.0,66.67,66.67,33.33,25163.343613
scf_2022,2022,31485,3148,23,18-24,0.0,4,,1,0.0,income_vs_200fpl_by_hhsize,46840.0,False,100.0,66.67,66.67,33.33,24786.373878
scf_2022,2022,32241,3224,24,18-24,1.0,4,,1,0.0,income_vs_200fpl_by_hhsize,29633.0,False,66.67,33.33,66.67,33.33,17129.673171
scf_2022,2022,32242,3224,24,18-24,1.0,4,,1,0.0,income_vs_200fpl_by_hhsize,29633.0,False,66.67,33.33,66.67,33.33,17562.249824
scf_2022,2022,32243,3224,24,18-24,1.0,4,,1,0.0,income_vs_200fpl_by_hhsize,29633.0,False,66.67,33.33,66.67,33.33,17364.608535
scf_2022,2022,32244,3224,24,18-24,1.0,4,,1,0.0,income_vs_200fpl_by_hhsize,29633.0,False,66.67,33.33,66.67,33.33,17450.884644
scf_2022,2022,32245,3224,24,18-24,1.0,4,,1,0.0,income_vs_200fpl_by_hhsize,29633.0,False,66.67,33.33,66.67,33.33,17421.628407
scf_2022,2022,32441,3244,21,18-24,1.0,3,,1,0.0,income_vs_200fpl_by_hhsize,73605.0,False,100.0,66.67,100.0,33.33,3405.03795
scf_2022,2022,32442,3244,21,18-24,1.0,3,,1,0.0,income_vs_200fpl_by_hhsize,67870.0,False,100.0,66.67,100.0,33.33,3399.0241164
scf_2022,2022,32443,3244,21,18-24,1.0,3,,1,0.0,income_vs_200fpl_by_hhsize,29633.0,False,100.0,66.67,100.0,33.33,3413.0612709
scf_2022,2022,32444,3244,21,18-24,1.0,3,,1,0.0,income_vs_200fpl_by_hhsize,37280.0,False,100.0,66.67,100.0,33.33,3447.2322918
scf_2022,2022,32445,3244,21,18-24,1.0,3,,1,0.0,income_vs_200fpl_by_hhsize,47796.0,False,100.0,66.67,100.0,33.33,3415.8051272
scf_2022,2022,32591,3259,24,18-24,0.0,4,,1,1.0,income_vs_200fpl_by_hhsize,5640.0,False,100.0,66.67,66.67,25.0,3047.4606705
scf_2022,2022,32592,3259,24,18-24,0.0,4,,1,1.0,income_vs_200fpl_by_hhsize,5640.0,False,100.0,66.67,66.67,25.0,3004.3709654
scf_2022,2022,32593,3259,24,18-24,0.0,4,,1,1.0,income_vs_200fpl_by_hhsize,5544.0,False,100.0,66.67,66.67,25.0,3030.7513591
scf_2022,2022,32594,3259,24,18-24,0.0,4,,1,1.0,income_vs_200fpl_by_hhsize,5544.0,False,100.0,66.67,66.67,25.0,3028.0811839
scf_2022,2022,32595,3259,24,18-24,0.0,4,,1,1.0,income_vs_200fpl_by_hhsize,5544.0,False,100.0,66.67,66.67,25.0,2998.0876164
scf_2022,2022,33021,3302,20,18-24,1.0,2,,2,1.0,income_vs_200fpl_by_hhsize,12427.0,False,66.67,0.0,100.0,33.33,1881.1250856
scf_2022,2022,33022,3302,20,18-24,1.0,2,,2,1.0,income_vs_200fpl_by_hhsize,14339.0,False,66.67,0.0,100.0,33.33,1881.8686513
scf_2022,2022,33023,3302,20,18-24,1.0,2,,2,1.0,income_vs_200fpl_by_hhsize,24854.0,False,66.67,0.0,100.0,33.33,1885.5299126
scf_2022,2022,33024,3302,20,18-24,1.0,2,,2,1.0,income_vs_200fpl_by_hhsize,15295.0,False,66.67,0.0,100.0,33.33,1882.0744651
scf_2022,2022,33025,3302,20,18-24,1.0,2,,2,1.0,income_vs_200fpl_by_hhsize,17206.0,False,66.67,0.0,100.0,33.33,1885.9014743
scf_2022,2022,33171,3317,19,18-24,0.0,1,,2,1.0,income_vs_200fpl_by_hhsize,14339.0,False,66.67,0.0,66.67,33.33,14459.961974
scf_2022,2022,33172,3317,19,18-24,0.0,1,,2,1.0,income_vs_200fpl_by_hhsize,16250.0,False,66.67,0.0,66.67,33.33,14865.426857
scf_2022,2022,33173,3317,19,18-24,0.0,1,,2,1.0,income_vs_200fpl_by_hhsize,13383.0,False,66.67,0.0,66.67,33.33,14664.398391
scf_2022,2022,33174,3317,19,18-24,0.0,1,,2,1.0,income_vs_200fpl_by_hhsize,15295.0,False,66.67,0.0,66.67,33.33,14822.169009
scf_2022,2022,33175,3317,19,18-24,0.0,1,,2,1.0,income_vs_200fpl_by_hhsize,16250.0,False,66.67,0.0,66.67,33.33,14737.282385
scf_2022,2022,33491,3349,22,18-24,0.0,2,,1,1.0,income_vs_200fpl_by_hhsize,21986.0,False,33.33,33.33,100.0,33.33,10829.302509
scf_2022,2022,33492,3349,22,18-24,0.0,2,,1,1.0,income_vs_200fpl_by_hhsize,21986.0,False,33.33,33.33,100.0,33.33,11102.775528
scf_2022,2022,33493,3349,22,18-24,0.0,2,,1,1.0,income_vs_200fpl_by_hhsize,21986.0,False,33.33,33.33,100.0,33.33,10977.827591
scf_2022,2022,33494,3349,22,18-24,0.0,2,,1,1.0,income_vs_200fpl_by_hhsize,21986.0,False,33.33,33.33,100.0,33.33,11032.370961
scf_2022,2022,33495,3349,22,18-24,0.0,2,,1,1.0,income_vs_200fpl_by_hhsize,21986.0,False,33.33,33.33,100.0,33.33,11013.875299
scf_2022,2022,33581,3358,22,18-24,1.0,3,,1,0.0,income_vs_200fpl_by_hhsize,24854.0,False,66.67,0.0,66.67,16.67,8853.6604052
scf_2022,2022,33582,3358,22,18-24,1.0,3,,1,0.0,income_vs_200fpl_by_hhsize,24854.0,False,66.67,0.0,66.67,16.67,8949.4858308
scf_2022,2022,33583,3358,22,18-24,1.0,3,,1,0.0,income_vs_200fpl_by_hhsize,24854.0,False,66.67,0.0,66.67,16.67,8854.4356577
scf_2022,2022,33584,3358,22,18-24,1.0,3,,1,0.0,income_vs_200fpl_by_hhsize,24854.0,False,66.67,0.0,66.67,16.67,8770.0155757
scf_2022,2022,33585,3358,22,18-24,1.0,3,,1,0.0,income_vs_200fpl_by_hhsize,24854.0,False,66.67,0.0,66.67,16.67,9182.8192301
scf_2022,2022,34291,3429,19,18-24,1.0,3,,1,1.0,income_vs_200fpl_by_hhsize,17206.0,False,66.67,66.67,100.0,33.33,3495.0962662
scf_2022,2022,34292,3429,19,18-24,1.0,3,,1,1.0,income_vs_200fpl_by_hhsize,15295.0,False,66.67,66.67,100.0,33.33,3445.6771978
scf_2022,2022,34293,3429,19,18-24,1.0,3,,1,1.0,income_vs_200fpl_by_hhsize,14339.0,False,66.67,66.67,100.0,33.33,3475.9325565
scf_2022,2022,34294,3429,19,18-24,1.0,3,,1,1.0,income_vs_200fpl_by_hhsize,16250.0,False,66.67,66.67,100.0,33.33,3472.8701644
scf_2022,2022,34295,3429,19,18-24,1.0,3,,1,1.0,income_vs_200fpl_by_hhsize,18162.0,False,66.67,66.67,100.0,33.33,3438.4708999
scf_2022,2022,34511,3451,23,18-24,0.0,3,,2,0.0,income_vs_200fpl_by_hhsize,56399.0,False,100.0,100.0,66.67,33.33,11135.517594
scf_2022,2022,34512,3451,23,18-24,0.0,3,,2,0.0,income_vs_200fpl_by_hhsize,55443.0,False,100.0,100.0,66.67,33.33,10978.06645
scf_2022,2022,34513,3451,23,18-24,0.0,3,,2,0.0,income_vs_200fpl_by_hhsize,56399.0,False,100.0,100.0,66.67,33.33,11074.461242
scf_2022,2022,34514,3451,23,18-24,0.0,3,,2,0.0,income_vs_200fpl_by_hhsize,56399.0,False,100.0,100.0,66.67,33.33,11064.704338
scf_2022,2022,34515,3451,23,18-24,0.0,3,,2,0.0,income_vs_200fpl_by_hhsize,56399.0,False,100.0,100.0,66.67,33.33,10955.106894
scf_2022,2022,34801,3480,22,18-24,1.0,3,,1,0.0,income_vs_200fpl_by_hhsize,33457.0,False,33.33,66.67,100.0,33.33,2997.5871213
scf_2022,2022,34802,3480,22,18-24,1.0,3,,1,0.0,income_vs_200fpl_by_hhsize,33457.0,False,33.33,66.67,100.0,33.33,3000.4283695
scf_2022,2022,34803,3480,22,18-24,1.0,3,,1,0.0,income_vs_200fpl_by_hhsize,33457.0,False,33.33,66.67,100.0,33.33,3005.9041076
scf_2022,2022,34804,3480,22,18-24,1.0,3,,1,0.0,income_vs_200fpl_by_hhsize,33457.0,False,33.33,66.67,100.0,33.33,3053.4910132
scf_2022,2022,34805,3480,22,18-24,1.0,3,,1,0.0,income_vs_200fpl_by_hhsize,33457.0,False,33.33,66.67,100.0,33.33,3013.3774126
scf_2022,2022,35021,3502,23,18-24,0.0,2,,1,0.0,income_vs_200fpl_by_hhsize,43972.0,False,66.67,66.67,100.0,33.33,23451.351778
scf_2022,2022,35022,3502,23,18-24,0.0,2,,1,0.0,income_vs_200fpl_by_hhsize,43972.0,False,66.67,66.67,100.0,33.33,23400.8135
scf_2022,2022,35023,3502,23,18-24,0.0,2,,1,0.0,income_vs_200fpl_by_hhsize,43972.0,False,66.67,66.67,100.0,33.33,22571.263771
scf_2022,2022,35024,3502,23,18-24,0.0,2,,1,0.0,income_vs_200fpl_by_hhsize,43972.0,False,66.67,66.67,100.0,33.33,23177.379484
scf_2022,2022,35025,3502,23,18-24,0.0,2,,1,0.0,income_vs_200fpl_by_hhsize,43972.0,False,66.67,66.67,100.0,33.33,22653.846233
scf_2022,2022,35381,3538,24,18-24,1.0,4,,1,1.0,income_vs_200fpl_by_hhsize,18162.0,False,33.33,0.0,100.0,25.0,6380.5954825
scf_2022,2022,35382,3538,24,18-24,1.0,4,,1,1.0,income_vs_200fpl_by_hhsize,17206.0,False,33.33,0.0,100.0,25.0,6403.5469015
scf_2022,2022,35383,3538,24,18-24,1.0,4,,1,1.0,income_vs_200fpl_by_hhsize,17206.0,False,33.33,0.0,100.0,25.0,6459.7743416
scf_2022,2022,35384,3538,24,18-24,1.0,4,,1,1.0,income_vs_200fpl_by_hhsize,17206.0,False,33.33,0.0,100.0,25.0,6454.0831029
scf_2022,2022,35385,3538,24,18-24,1.0,4,,1,1.0,income_vs_200fpl_by_hhsize,18162.0,False,33.33,0.0,100.0,25.0,6390.1545074
scf_2022,2022,36141,3614,22,18-24,1.0,4,,1,0.0,income_vs_200fpl_by_hhsize,43016.0,False,66.67,100.0,100.0,33.33,14058.715079
scf_2022,2022,36142,3614,22,18-24,1.0,4,,1,0.0,income_vs_200fpl_by_hhsize,43016.0,False,66.67,100.0,100.0,33.33,14033.885172
scf_2022,2022,36143,3614,22,18-24,1.0,4,,1,0.0,income_vs_200fpl_by_hhsize,43016.0,False,66.67,100.0,100.0,33.33,14091.841752
scf_2022,2022,36144,3614,22,18-24,1.0,4,,1,0.0,income_vs_200fpl_by_hhsize,43016.0,False,66.67,100.0,100.0,33.33,14232.927007
scf_2022,2022,36145,3614,22,18-24,1.0,4,,1,0.0,income_vs_200fpl_by_hhsize,43016.0,False,66.67,100.0,100.0,33.33,14103.170582
scf_2022,2022,36511,3651,24,18-24,1.0,3,,1,1.0,income_vs_200fpl_by_hhsize,6691.0,False,100.0,33.33,100.0,41.67,5429.2486077
scf_2022,2022,36512,3651,24,18-24,1.0,3,,1,1.0,income_vs_200fpl_by_hhsize,6691.0,False,100.0,33.33,100.0,41.67,5459.0136394
scf_2022,2022,36513,3651,24,18-24,1.0,3,,1,1.0,income_vs_200fpl_by_hhsize,6691.0,False,100.0,33.33,100.0,41.67,5375.6403983
scf_2022,2022,36514,3651,24,18-24,1.0,3,,1,1.0,income_vs_200fpl_by_hhsize,6691.0,False,100.0,33.33,100.0,41.67,5462.5911166
scf_2022,2022,36515,3651,24,18-24,1.0,3,,1,1.0,income_vs_200fpl_by_hhsize,6691.0,False,100.0,33.33,100.0,41.67,5388.3499252
scf_2022,2022,36541,3654,23,18-24,1.0,4,,1,1.0,income_vs_200fpl_by_hhsize,22942.0,False,100.0,33.33,100.0,50.0,11969.765947
scf_2022,2022,36542,3654,23,18-24,1.0,4,,1,1.0,income_vs_200fpl_by_hhsize,22942.0,False,100.0,33.33,100.0,50.0,11939.458871
scf_2022,2022,36543,3654,23,18-24,1.0,4,,1,1.0,income_vs_200fpl_by_hhsize,18162.0,False,100.0,33.33,100.0,50.0,11988.696566
scf_2022,2022,36544,3654,23,18-24,1.0,4,,1,1.0,income_vs_200fpl_by_hhsize,14339.0,False,100.0,33.33,100.0,50.0,11893.713433
scf_2022,2022,36545,3654,23,18-24,1.0,4,,1,1.0,income_vs_200fpl_by_hhsize,14339.0,False,100.0,33.33,100.0,50.0,11971.748241
scf_2022,2022,36941,3694,19,18-24,0.0,3,,1,1.0,income_vs_200fpl_by_hhsize,10515.0,False,66.67,33.33,100.0,25.0,22400.924903
scf_2022,2022,36942,3694,19,18-24,0.0,3,,1,1.0,income_vs_200fpl_by_hhsize,10515.0,False,66.67,33.33,100.0,25.0,22084.186033
scf_2022,2022,36943,3694,19,18-24,0.0,3,,1,1.0,income_vs_200fpl_by_hhsize,10515.0,False,66.67,33.33,100.0,25.0,22278.10001
scf_2022,2022,36944,3694,19,18-24,0.0,3,,1,1.0,income_vs_200fpl_by_hhsize,10515.0,False,66.67,33.33,100.0,25.0,22258.472392
scf_2022,2022,36945,3694,19,18-24,0.0,3,,1,1.0,income_vs_200fpl_by_hhsize,10515.0,False,66.67,33.33,100.0,25.0,22037.999111
scf_2022,2022,38041,3804,23,18-24,0.0,3,,3,0.0,income_vs_200fpl_by_hhsize,46840.0,False,33.33,66.67,66.67,41.67,10280.697613
scf_2022,2022,38042,3804,23,18-24,0.0,3,,3,0.0,income_vs_200fpl_by_hhsize,47796.0,False,33.33,66.67,66.67,41.67,10625.004548
scf_2022,2022,38043,3804,23,18-24,0.0,3,,3,0.0,income_vs_200fpl_by_hhsize,47796.0,False,33.33,66.67,66.67,41.67,10302.501255
scf_2022,2022,38044,3804,23,18-24,0.0,3,,3,0.0,income_vs_200fpl_by_hhsize,47796.0,False,33.33,66.67,66.67,41.67,10605.181602
scf_2022,2022,38045,3804,23,18-24,0.0,3,,3,0.0,income_vs_200fpl_by_hhsize,47796.0,False,33.33,66.67,66.67,41.67,10375.437074
scf_2022,2022,38341,3834,22,18-24,1.0,4,,1,1.0,income_vs_200fpl_by_hhsize,19118.0,False,66.67,33.33,100.0,33.33,23795.915415
scf_2022,2022,38342,3834,22,18-24,1.0,4,,1,1.0,income_vs_200fpl_by_hhsize,19118.0,False,66.67,33.33,100.0,33.33,24053.796135
scf_2022,2022,38343,3834,22,18-24,1.0,4,,1,1.0,income_vs_200fpl_by_hhsize,19118.0,False,66.67,33.33,100.0,33.33,23099.916155
scf_2022,2022,38344,3834,22,18-24,1.0,4,,1,1.0,income_vs_200fpl_by_hhsize,19118.0,False,66.67,33.33,100.0,33.33,23906.612923
scf_2022,2022,38345,3834,22,18-24,1.0,4,,1,1.0,income_vs_200fpl_by_hhsize,19118.0,False,66.67,33.33,100.0,33.33,23160.011588
scf_2022,2022,38581,3858,21,18-24,0.0,1,,1,1.0,income_vs_200fpl_by_hhsize,23898.0,False,100.0,0.0,66.67,33.33,11163.630122
scf_2022,2022,38582,3858,21,18-24,0.0,1,,1,1.0,income_vs_200fpl_by_hhsize,23898.0,False,100.0,0.0,66.67,33.33,11413.566467
scf_2022,2022,38583,3858,21,18-24,0.0,1,,1,1.0,income_vs_200fpl_by_hhsize,23898.0,False,100.0,0.0,66.67,33.33,11286.610342
scf_2022,2022,38584,3858,21,18-24,0.0,1,,1,1.0,income_vs_200fpl_by_hhsize,23898.0,False,100.0,0.0,66.67,33.33,11462.27798
scf_2022,2022,38585,3858,21,18-24,0.0,1,,1,1.0,income_vs_200fpl_by_hhsize,23898.0,False,100.0,0.0,66.67,33.33,11379.493305
scf_2022,2022,38621,3862,21,18-24,1.0,3,,1,1.0,income_vs_200fpl_by_hhsize,21030.0,False,100.0,0.0,66.67,0.0,7368.6743251
scf_2022,2022,38622,3862,21,18-24,1.0,3,,1,1.0,income_vs_200fpl_by_hhsize,21030.0,False,100.0,0.0,66.67,0.0,7615.4557953
scf_2022,2022,38623,3862,21,18-24,1.0,3,,1,1.0,income_vs_200fpl_by_hhsize,21030.0,False,100.0,0.0,66.67,0.0,7384.3020525
scf_2022,2022,38624,3862,21,18-24,1.0,3,,1,1.0,income_vs_200fpl_by_hhsize,21030.0,False,100.0,0.0,66.67,0.0,7601.2477294
scf_2022,2022,38625,3862,21,18-24,1.0,3,,1,1.0,income_vs_200fpl_by_hhsize,21030.0,False,100.0,0.0,66.67,0.0,7436.5786896
scf_2022,2022,39101,3910,22,18-24,0.0,2,,1,1.0,income_vs_200fpl_by_hhsize,19118.0,False,66.67,33.33,100.0,50.0,14797.944876
scf_2022,2022,39102,3910,22,18-24,0.0,2,,1,1.0,income_vs_200fpl_by_hhsize,19118.0,False,66.67,33.33,100.0,50.0,15171.638256
scf_2022,2022,39103,3910,22,18-24,0.0,2,,1,1.0,income_vs_200fpl_by_hhsize,19118.0,False,66.67,33.33,100.0,50.0,15000.900328
scf_2022,2022,39104,3910,22,18-24,0.0,2,,1,1.0,income_vs_200fpl_by_hhsize,18162.0,False,66.67,33.33,100.0,50.0,15075.432346
scf_2022,2022,39105,3910,22,18-24,0.0,2,,1,1.0,income_vs_200fpl_by_hhsize,19118.0,False,66.67,33.33,100.0,50.0,15050.158532
scf_2022,2022,39791,3979,21,18-24,1.0,3,,1,1.0,income_vs_200fpl_by_hhsize,11471.0,False,66.67,0.0,66.67,8.33,3948.068004
scf_2022,2022,39792,3979,21,18-24,1.0,3,,1,1.0,income_vs_200fpl_by_hhsize,11471.0,False,66.67,0.0,66.67,8.33,4080.2912485
scf_2022,2022,39793,3979,21,18-24,1.0,3,,1,1.0,income_vs_200fpl_by_hhsize,11471.0,False,66.67,0.0,66.67,8.33,3956.4411968
scf_2022,2022,39794,3979,21,18-24,1.0,3,,1,1.0,income_vs_200fpl_by_hhsize,11471.0,False,66.67,0.0,66.67,8.33,4072.6786973
scf_2022,2022,39795,3979,21,18-24,1.0,3,,1,1.0,income_vs_200fpl_by_hhsize,11471.0,False,66.67,0.0,66.67,8.33,3984.4505386
scf_2022,2022,40211,4021,23,18-24,1.0,3,,1,1.0,income_vs_200fpl_by_hhsize,21030.0,False,100.0,0.0,33.33,33.33,6308.947472
scf_2022,2022,40212,4021,23,18-24,1.0,3,,1,1.0,income_vs_200fpl_by_hhsize,21030.0,False,100.0,0.0,33.33,33.33,6105.5050245
scf_2022,2022,40213,4021,23,18-24,1.0,3,,1,1.0,income_vs_200fpl_by_hhsize,21030.0,False,100.0,0.0,33.33,33.33,6246.653147
scf_2022,2022,40214,4021,23,18-24,1.0,3,,1,1.0,income_vs_200fpl_by_hhsize,21030.0,False,100.0,0.0,33.33,33.33,6381.6452638
scf_2022,2022,40215,4021,23,18-24,1.0,3,,1,1.0,income_vs_200fpl_by_hhsize,21030.0,False,100.0,0.0,33.33,33.33,6261.4219931
scf_2022,2022,40361,4036,22,18-24,1.0,2,,1,0.0,income_vs_200fpl_by_hhsize,41104.0,False,33.33,0.0,100.0,33.33,17922.766555
scf_2022,2022,40362,4036,22,18-24,1.0,2,,1,0.0,income_vs_200fpl_by_hhsize,41104.0,False,33.33,0.0,100.0,33.33,18523.011115
scf_2022,2022,40363,4036,22,18-24,1.0,2,,1,0.0,income_vs_200fpl_by_hhsize,41104.0,False,33.33,0.0,100.0,33.33,17960.777749
scf_2022,2022,40364,4036,22,18-24,1.0,2,,1,0.0,income_vs_200fpl_by_hhsize,41104.0,False,33.33,0.0,100.0,33.33,18488.452952
scf_2022,2022,40365,4036,22,18-24,1.0,2,,1,0.0,income_vs_200fpl_by_hhsize,41104.0,False,33.33,0.0,100.0,33.33,18087.929788
scf_2022,2022,40641,4064,24,18-24,0.0,2,,2,0.0,income_vs_200fpl_by_hhsize,55443.0,False,100.0,0.0,66.67,25.0,23795.915415
scf_2022,2022,40642,4064,24,18-24,0.0,2,,2,0.0,income_vs_200fpl_by_hhsize,52575.0,False,100.0,0.0,66.67,25.0,13916.530515
scf_2022,2022,40643,4064,24,18-24,0.0,2,,2,0.0,income_vs_200fpl_by_hhsize,60222.0,False,100.0,0.0,66.67,25.0,23099.916155
scf_2022,2022,40644,4064,24,18-24,0.0,2,,2,0.0,income_vs_200fpl_by_hhsize,57355.0,False,100.0,0.0,66.67,25.0,13731.080099
scf_2022,2022,40645,4064,24,18-24,0.0,2,,2,0.0,income_vs_200fpl_by_hhsize,58311.0,False,100.0,0.0,66.67,25.0,23160.011588
scf_2022,2022,40651,4065,23,18-24,0.0,3,,1,1.0,income_vs_200fpl_by_hhsize,9559.0,False,66.67,0.0,100.0,33.33,8379.1275132
scf_2022,2022,40652,4065,23,18-24,0.0,3,,1,1.0,income_vs_200fpl_by_hhsize,11471.0,False,66.67,0.0,100.0,33.33,8854.8322442
scf_2022,2022,40653,4065,23,18-24,0.0,3,,1,1.0,income_vs_200fpl_by_hhsize,14339.0,False,66.67,0.0,100.0,33.33,8629.8767354
scf_2022,2022,40654,4065,23,18-24,0.0,3,,1,1.0,income_vs_200fpl_by_hhsize,9559.0,False,66.67,0.0,100.0,33.33,8503.0061751
scf_2022,2022,40655,4065,23,18-24,0.0,3,,1,1.0,income_vs_200fpl_by_hhsize,9559.0,False,66.67,0.0,100.0,33.33,8810.5344637
scf_2022,2022,42051,4205,22,18-24,0.0,3,,1,0.0,income_vs_200fpl_by_hhsize,28677.0,False,100.0,66.67,100.0,8.33,13849.592021
scf_2022,2022,42052,4205,22,18-24,0.0,3,,1,0.0,income_vs_200fpl_by_hhsize,28677.0,False,100.0,66.67,100.0,8.33,14352.449595
scf_2022,2022,42053,4205,22,18-24,0.0,3,,1,0.0,income_vs_200fpl_by_hhsize,28677.0,False,100.0,66.67,100.0,8.33,14119.70219
scf_2022,2022,42054,4205,22,18-24,0.0,3,,1,0.0,income_vs_200fpl_by_hhsize,28677.0,False,100.0,66.67,100.0,8.33,14464.088202
scf_2022,2022,42055,4205,22,18-24,0.0,3,,1,0.0,income_vs_200fpl_by_hhsize,28677.0,False,100.0,66.67,100.0,8.33,14225.81448
scf_2022,2022,42251,4225,21,18-24,1.0,3,,1,1.0,income_vs_200fpl_by_hhsize,382.0,False,33.33,33.33,66.67,16.67,11012.133919
scf_2022,2022,42252,4225,21,18-24,1.0,3,,1,1.0,income_vs_200fpl_by_hhsize,382.0,False,33.33,33.33,100.0,16.67,11096.179266
scf_2022,2022,42253,4225,21,18-24,1.0,3,,1,1.0,income_vs_200fpl_by_hhsize,382.0,False,33.33,33.33,100.0,16.67,11094.812294
scf_2022,2022,42254,4225,21,18-24,1.0,3,,1,1.0,income_vs_200fpl_by_hhsize,382.0,False,33.33,33.33,100.0,16.67,11210.361208
scf_2022,2022,42255,4225,21,18-24,1.0,3,,1,1.0,income_vs_200fpl_by_hhsize,382.0,False,33.33,33.33,100.0,16.67,11122.015763
scf_2022,2022,42271,4227,22,18-24,1.0,3,,1,0.0,income_vs_200fpl_by_hhsize,29633.0,False,33.33,33.33,66.67,33.33,6245.0130914
scf_2022,2022,42272,4227,22,18-24,1.0,3,,1,0.0,income_vs_200fpl_by_hhsize,29633.0,False,33.33,33.33,66.67,33.33,6402.7187777
scf_2022,2022,42273,4227,22,18-24,1.0,3,,1,0.0,income_vs_200fpl_by_hhsize,31545.0,False,33.33,33.33,66.67,33.33,6330.6641373
scf_2022,2022,42274,4227,22,18-24,1.0,3,,1,0.0,income_vs_200fpl_by_hhsize,33457.0,False,33.33,33.33,66.67,33.33,6362.1180611
scf_2022,2022,42275,4227,22,18-24,1.0,3,,1,0.0,income_vs_200fpl_by_hhsize,30589.0,False,33.33,33.33,66.67,33.33,6351.4520325
scf_2022,2022,42901,4290,24,18-24,0.0,4,,2,0.0,income_vs_200fpl_by_hhsize,47796.0,False,100.0,0.0,66.67,25.0,3871.6157909
scf_2022,2022,42902,4290,24,18-24,0.0,4,,2,0.0,income_vs_200fpl_by_hhsize,47796.0,False,100.0,0.0,66.67,25.0,3980.1779188
scf_2022,2022,42903,4290,24,18-24,0.0,4,,2,0.0,income_vs_200fpl_by_hhsize,47796.0,False,100.0,0.0,66.67,25.0,3926.3530895
scf_2022,2022,42904,4290,24,18-24,0.0,4,,2,0.0,income_vs_200fpl_by_hhsize,47796.0,False,100.0,0.0,66.67,25.0,3968.5957469
scf_2022,2022,42905,4290,24,18-24,0.0,4,,2,0.0,income_vs_200fpl_by_hhsize,47796.0,False,100.0,0.0,66.67,25.0,3945.8675824
scf_2022,2022,43181,4318,23,18-24,0.0,4,,1,0.0,income_vs_200fpl_by_hhsize,33457.0,False,100.0,100.0,100.0,16.67,16124.364247
scf_2022,2022,43182,4318,23,18-24,0.0,4,,1,0.0,income_vs_200fpl_by_hhsize,33457.0,False,100.0,100.0,100.0,16.67,16309.496634
scf_2022,2022,43183,4318,23,18-24,0.0,4,,1,0.0,income_vs_200fpl_by_hhsize,33457.0,False,100.0,100.0,100.0,16.67,16209.441704
scf_2022,2022,43184,4318,23,18-24,0.0,4,,1,0.0,income_vs_200fpl_by_hhsize,33457.0,False,100.0,100.0,100.0,16.67,16149.622968
scf_2022,2022,43185,4318,23,18-24,0.0,4,,1,0.0,income_vs_200fpl_by_hhsize,33457.0,False,100.0,100.0,100.0,16.67,16274.197978
scf_2022,2022,43361,4336,23,18-24,0.0,4,,1,0.0,income_vs_200fpl_by_hhsize,38236.0,False,66.67,66.67,66.67,66.67,2950.241762
scf_2022,2022,43362,4336,23,18-24,0.0,4,,1,0.0,income_vs_200fpl_by_hhsize,38236.0,False,66.67,66.67,66.67,66.67,2982.1729813
scf_2022,2022,43363,4336,23,18-24,0.0,4,,1,0.0,income_vs_200fpl_by_hhsize,38236.0,False,66.67,66.67,66.67,66.67,2950.5000938
scf_2022,2022,43364,4336,23,18-24,0.0,4,,1,0.0,income_vs_200fpl_by_hhsize,38236.0,False,66.67,66.67,66.67,66.67,2922.3693953
scf_2022,2022,43365,4336,23,18-24,0.0,4,,1,0.0,income_vs_200fpl_by_hhsize,38236.0,False,66.67,66.67,66.67,66.67,3059.9249966
scf_2022,2022,43541,4354,20,18-24,0.0,1,,2,1.0,income_vs_200fpl_by_hhsize,22942.0,False,66.67,0.0,100.0,25.0,6109.8923607
scf_2022,2022,43542,4354,20,18-24,0.0,1,,2,1.0,income_vs_200fpl_by_hhsize,22942.0,False,66.67,0.0,100.0,25.0,6039.8779897
scf_2022,2022,43543,4354,20,18-24,0.0,1,,2,1.0,income_vs_200fpl_by_hhsize,22942.0,False,66.67,0.0,100.0,25.0,6078.9271373
scf_2022,2022,43544,4354,20,18-24,0.0,1,,2,1.0,income_vs_200fpl_by_hhsize,22942.0,False,66.67,0.0,100.0,25.0,6108.5650576
scf_2022,2022,43545,4354,20,18-24,0.0,1,,2,1.0,income_vs_200fpl_by_hhsize,22942.0,False,66.67,0.0,100.0,25.0,6023.5199804
scf_2022,2022,43611,4361,22,18-24,1.0,2,,2,1.0,income_vs_200fpl_by_hhsize,20074.0,False,33.33,0.0,100.0,25.0,6086.5931125
scf_2022,2022,43612,4361,22,18-24,1.0,2,,2,1.0,income_vs_200fpl_by_hhsize,20074.0,False,33.33,0.0,100.0,25.0,6205.9417197
scf_2022,2022,43613,4361,22,18-24,1.0,2,,2,1.0,income_vs_200fpl_by_hhsize,20074.0,False,33.33,0.0,100.0,25.0,6048.7257966
scf_2022,2022,43614,4361,22,18-24,1.0,2,,2,1.0,income_vs_200fpl_by_hhsize,20074.0,False,33.33,0.0,100.0,25.0,6172.7858601
scf_2022,2022,43615,4361,22,18-24,1.0,2,,2,1.0,income_vs_200fpl_by_hhsize,20074.0,False,33.33,0.0,100.0,25.0,6095.8659889
scf_2022,2022,43771,4377,23,18-24,0.0,2,,1,0.0,income_vs_200fpl_by_hhsize,38236.0,False,33.33,33.33,66.67,16.67,15908.30976
scf_2022,2022,43772,4377,23,18-24,0.0,2,,1,0.0,income_vs_200fpl_by_hhsize,38236.0,False,33.33,33.33,66.67,16.67,15871.44659
scf_2022,2022,43773,4377,23,18-24,0.0,2,,1,0.0,income_vs_200fpl_by_hhsize,38236.0,False,33.33,33.33,66.67,16.67,15938.909725
scf_2022,2022,43774,4377,23,18-24,0.0,2,,1,0.0,income_vs_200fpl_by_hhsize,38236.0,False,33.33,33.33,66.67,16.67,15818.559306
scf_2022,2022,43775,4377,23,18-24,0.0,2,,1,0.0,income_vs_200fpl_by_hhsize,38236.0,False,33.33,33.33,66.67,16.67,15915.298151
scf_2022,2022,44041,4404,21,18-24,1.0,2,,1,1.0,income_vs_200fpl_by_hhsize,2103.0,False,0.0,33.33,66.67,33.33,16844.323302
scf_2022,2022,44042,4404,21,18-24,1.0,2,,1,1.0,income_vs_200fpl_by_hhsize,2103.0,False,0.0,33.33,66.67,33.33,17408.450129
scf_2022,2022,44043,4404,21,18-24,1.0,2,,1,1.0,income_vs_200fpl_by_hhsize,2103.0,False,0.0,33.33,66.67,33.33,16880.047298
scf_2022,2022,44044,4404,21,18-24,1.0,2,,1,1.0,income_vs_200fpl_by_hhsize,2103.0,False,0.0,33.33,66.67,33.33,17375.971389
scf_2022,2022,44045,4404,21,18-24,1.0,2,,1,1.0,income_vs_200fpl_by_hhsize,2103.0,False,0.0,33.33,66.67,33.33,16999.548383
scf_2022,2022,44431,4443,22,18-24,1.0,3,,4,1.0,income_vs_200fpl_by_hhsize,21030.0,False,33.33,0.0,33.33,25.0,2226.7037891
scf_2022,2022,44432,4443,22,18-24,1.0,3,,4,1.0,income_vs_200fpl_by_hhsize,21030.0,False,33.33,0.0,33.33,25.0,2270.3659809
scf_2022,2022,44433,4443,22,18-24,1.0,3,,4,1.0,income_vs_200fpl_by_hhsize,21030.0,False,33.33,0.0,33.33,25.0,2212.8505063
scf_2022,2022,44434,4443,22,18-24,1.0,3,,4,1.0,income_vs_200fpl_by_hhsize,21030.0,False,33.33,0.0,33.33,25.0,2258.2363254
scf_2022,2022,44435,4443,22,18-24,1.0,3,,4,1.0,income_vs_200fpl_by_hhsize,21030.0,False,33.33,0.0,33.33,25.0,2230.0961547
scf_2022,2022,45301,4530,24,18-24,0.0,2,,1,0.0,income_vs_200fpl_by_hhsize,374717.0,False,66.67,100.0,100.0,50.0,6399.027948
scf_2022,2022,45302,4530,24,18-24,0.0,2,,1,0.0,income_vs_200fpl_by_hhsize,358466.0,False,66.67,100.0,100.0,50.0,7020.4471768
scf_2022,2022,45303,4530,24,18-24,0.0,2,,1,0.0,income_vs_200fpl_by_hhsize,352731.0,False,66.67,100.0,100.0,50.0,7618.9113751
scf_2022,2022,45304,4530,24,18-24,0.0,2,,1,0.0,income_vs_200fpl_by_hhsize,403394.0,False,66.67,100.0,100.0,50.0,6829.5915924
scf_2022,2022,45305,4530,24,18-24,0.0,2,,1,0.0,income_vs_200fpl_by_hhsize,391923.0,False,66.67,100.0,100.0,50.0,6601.2765259
scf_2022,2022,45351,4535,23,18-24,1.0,3,,1,0.0,income_vs_200fpl_by_hhsize,29633.0,False,0.0,33.33,100.0,41.67,5526.5658335
scf_2022,2022,45352,4535,23,18-24,1.0,3,,1,0.0,income_vs_200fpl_by_hhsize,29633.0,False,0.0,33.33,100.0,41.67,5711.6539486
scf_2022,2022,45353,4535,23,18-24,1.0,3,,1,0.0,income_vs_200fpl_by_hhsize,29633.0,False,0.0,33.33,100.0,41.67,5538.2867565
scf_2022,2022,45354,4535,23,18-24,1.0,3,,1,0.0,income_vs_200fpl_by_hhsize,35369.0,False,0.0,33.33,100.0,41.67,5700.9977833
scf_2022,2022,45355,4535,23,18-24,1.0,3,,1,0.0,income_vs_200fpl_by_hhsize,30589.0,False,0.0,33.33,100.0,41.67,5577.4946606
scf_2022,2022,45501,4550,21,18-24,1.0,2,,2,1.0,income_vs_200fpl_by_hhsize,28677.0,False,66.67,33.33,100.0,8.33,17048.6078
scf_2022,2022,45502,4550,21,18-24,1.0,2,,2,1.0,income_vs_200fpl_by_hhsize,28677.0,False,66.67,33.33,100.0,8.33,17479.137305
scf_2022,2022,45503,4550,21,18-24,1.0,2,,2,1.0,income_vs_200fpl_by_hhsize,28677.0,False,66.67,33.33,100.0,8.33,17282.431343
scf_2022,2022,45504,4550,21,18-24,1.0,2,,2,1.0,income_vs_200fpl_by_hhsize,28677.0,False,66.67,33.33,100.0,8.33,17368.299155
scf_2022,2022,45505,4550,21,18-24,1.0,2,,2,1.0,income_vs_200fpl_by_hhsize,28677.0,False,66.67,33.33,100.0,8.33,17339.181372
scf_2022,2022,45591,4559,20,18-24,0.0,2,,2,0.0,income_vs_200fpl_by_hhsize,47796.0,False,33.33,66.67,100.0,41.67,23795.915415
scf_2022,2022,45592,4559,20,18-24,0.0,2,,2,0.0,income_vs_200fpl_by_hhsize,47796.0,False,33.33,66.67,100.0,41.67,24053.796135
scf_2022,2022,45593,4559,20,18-24,0.0,2,,2,0.0,income_vs_200fpl_by_hhsize,47796.0,False,33.33,66.67,100.0,41.67,23099.916155
scf_2022,2022,45594,4559,20,18-24,0.0,2,,2,0.0,income_vs_200fpl_by_hhsize,47796.0,False,33.33,66.67,100.0,41.67,23906.612923
scf_2022,2022,45595,4559,20,18-24,0.0,2,,2,0.0,income_vs_200fpl_by_hhsize,47796.0,False,33.33,66.67,100.0,41.67,23160.011588
scf_2022,2022,45741,4574,23,18-24,0.0,2,,2,0.0,income_vs_200fpl_by_hhsize,45884.0,False,66.67,33.33,100.0,16.67,8392.7109363
scf_2022,2022,45742,4574,23,18-24,0.0,2,,2,0.0,income_vs_200fpl_by_hhsize,39192.0,False,66.67,33.33,100.0,16.67,8869.1868333
scf_2022,2022,45743,4574,23,18-24,0.0,2,,2,0.0,income_vs_200fpl_by_hhsize,46840.0,False,66.67,33.33,100.0,16.67,8643.8666486
scf_2022,2022,45744,4574,23,18-24,0.0,2,,2,0.0,income_vs_200fpl_by_hhsize,42060.0,False,66.67,33.33,100.0,16.67,8516.7904181
scf_2022,2022,45745,4574,23,18-24,0.0,2,,2,0.0,income_vs_200fpl_by_hhsize,45884.0,False,66.67,33.33,100.0,16.67,8824.8172417
